year,Jan_temp,Jan_rain,Jan_humidity,Jan_wind,Jan_uva,Jan_uvb,Jan_eva,Feb_temp,Feb_rain,Feb_humidity,Feb_wind,Feb_uva,Feb_uvb,Feb_eva,Mar_temp,Mar_rain,Mar_humidity,Mar_wind,Mar_uva,Mar_uvb,Mar_eva,Apr_temp,Apr_rain,Apr_humidity,Apr_wind,Apr_uva,Apr_uvb,Apr_eva,May_temp,May_rain,May_humidity,May_wind,May_uva,May_uvb,May_eva,Jun_temp,Jun_rain,Jun_humidity,Jun_wind,Jun_uva,Jun_uvb,Jun_eva,Jul_temp,Jul_rain,Jul_humidity,Jul_wind,Jul_uva,Jul_uvb,Jul_eva,Aug_temp,Aug_rain,Aug_humidity,Aug_wind,Aug_uva,Aug_uvb,Aug_eva,Sep_temp,Sep_rain,Sep_humidity,Sep_wind,Sep_uva,Sep_uvb,Sep_eva,Oct_temp,Oct_rain,Oct_humidity,Oct_wind,Oct_uva,Oct_uvb,Oct_eva,Nov_temp,Nov_rain,Nov_humidity,Nov_wind,Nov_uva,Nov_uvb,Nov_eva,Dec_temp,Dec_rain,Dec_humidity,Dec_wind,Dec_uva,Dec_uvb,Dec_eva,Corn_Area,Covid,Corn_Production
2022,26.814016677679007,55.32760962760066,48.099040605325534,4.7696268710110905,18.802914431387205,0.5638258496172286,301.227582384651,24.90342049739346,55.97672919830686,51.85181251844592,4.573686967460966,16.45669240675961,0.4902878950843645,239.85235507452325,22.500887465437135,48.60641335184821,55.348941699098184,4.201175622415716,13.99833785846477,0.3682454189552829,218.10792413631464,18.70457603924249,32.927951352074835,58.24077800781611,3.7637660839670937,11.064816195865657,0.24000001462709408,138.68694764766562,14.090175215104527,34.853078533203735,66.81736309410047,3.7562358823839275,7.47477758872132,0.14015312213503328,87.61415701947192,11.233677511401972,42.246213812648115,76.16576597847404,4.0384530214537495,5.961954445459874,0.0912707280794445,57.03120418007492,10.228124774631965,34.57181834456103,74.391947267703,4.189293066813849,6.616977393821602,0.10061249498825263,65.84047931304278,11.344134243145568,32.36557524194208,67.63839420842015,4.376781202062735,9.19104691669549,0.1595566799815241,97.41327130939511,14.113832309985057,35.53302860107417,61.365890295498005,4.46321733912523,11.924689625899223,0.24602483930361066,143.2008795986096,18.176931276303865,42.18571846074965,57.45199835792234,4.427257946684609,15.556172112604653,0.36218903789495827,199.410039367736,21.510517747413402,53.55005308388935,54.03849275459872,4.9387439301750655,17.565286778512828,0.4545247335248173,238.25503661524374,24.19914078377749,54.07718933250296,48.11858548072126,4.670995418635954,19.562704316311365,0.505340603849782,296.37644891103264,21.906589482795013,1.0,136.08769
2023,26.492076883757775,55.013893721807655,47.83853219756967,4.689072066620674,18.518614495151407,0.5627495974198281,305.8281373004401,25.778908218624448,58.96122655266284,51.65665793532914,4.584877654290378,16.788086329342303,0.4888748927081668,238.21911736509946,22.507763603168588,50.11756402192234,53.363183174213816,4.172134524320906,14.123749512512374,0.37433788394239514,213.43456705555786,18.33685732983434,33.44699464727921,58.36508547260738,3.8676842345996287,10.810783073550962,0.23921450947988915,139.8186859256076,13.675334090162789,36.58734472919744,67.5373500319678,3.7178941326190773,7.754242800088537,0.1337931607499852,88.30718717138282,11.033497119142675,43.59054212970429,76.08055073162157,4.0294169408869065,6.141682165372463,0.09130137629859444,61.56604128441206,10.557077970546562,35.36754604741547,74.4375362047142,4.028316937170959,6.786747874718918,0.10071309601192122,64.30710261150878,11.662319345820466,31.514483388327196,66.96011982990876,4.296031027190993,8.85881713507347,0.15897089620504712,95.98195984586006,14.729561691647847,36.191103852344675,63.17542975701081,4.631932655341976,12.216803742059687,0.2523246982550218,144.8028024443062,18.489934330871666,41.40240290029311,56.0865187235944,4.526775886650028,15.37523942592243,0.3679639501521165,205.02813566076404,22.20838465403102,55.641012791486055,51.03535159510255,4.586061545315755,17.42131666226084,0.45966107667068895,249.52327804418147,24.13569329297489,53.37430483343616,48.48566680290333,4.645042023642786,19.02867109838652,0.5307061937407076,288.68428699915944,21.84544366013575,1.0,127.3623
2024,25.3111686811602,55.77263797903294,49.41437307594466,4.6604720598476215,19.491213184931333,0.5731335329383223,313.3486179048946,25.30707973184055,56.64802109480575,51.48300202096571,4.48400193802178,17.227749145172773,0.4962005817736773,240.73808673868547,22.17722480567946,50.21670153206806,53.769489824378745,4.168848666997182,14.228090174220196,0.3744790723819547,216.83599313030732,18.028357141620543,33.29894086939781,58.78492744322608,3.9245959591154937,10.737834227928953,0.24165260893052076,138.24268294731374,14.027308794087405,34.88273851066015,67.14315006537183,3.8704902470442284,7.463283789298569,0.13811267075236572,85.5914402583103,11.279262503726278,41.28978257869822,77.02469251565778,4.007972199766338,5.92632896028866,0.093165251264177,57.26388933473023,10.371774164309269,35.84287959256974,71.95832742185765,4.08391935662426,6.646628876718014,0.10085009160922603,63.49979791932828,11.997217233977969,32.13373671556638,65.14415512977357,4.144795309395905,9.293393944388056,0.15992389291603815,96.28455518001458,14.55688710643848,36.279351281916085,62.28857642655353,4.397424104221662,12.526635583418756,0.24172538730090068,142.50164810881466,18.51778726441701,41.351598602615304,55.49342804138241,4.6084415820114595,15.092993871531856,0.36376800197992215,203.6263907601669,21.196057037183184,54.649647480714336,51.76890341657369,4.529226936866034,17.677829080061255,0.44515618616066444,243.09999869366797,23.47822215419697,55.02593724261238,48.234375175140976,4.714743861770951,18.83966034720193,0.5306748473473815,278.4641027971715,21.669447468797166,1.0,126.203674
2025,26.11405803879265,55.095292008393336,47.649025912112535,4.595892939438221,19.958793386061476,0.563633864728784,314.65133358395565,24.917836492807048,56.45372005608351,50.46571949025346,4.442991708040732,16.723365727657836,0.48362013138204873,240.14692433845275,22.6163391187446,50.566295436652986,53.41467710911273,4.198520228067958,14.24624828100207,0.3604114954157692,213.96761797194543,17.95837275771567,33.80553132470087,57.61138261529668,3.7870071320079863,10.368858349233797,0.24600552324551797,143.3755457641798,13.88444323697019,35.9526888064852,67.54270664561105,3.7970902857028714,7.779194044698984,0.13925655814314525,87.57025797554499,11.195644653044642,42.57260976950489,74.24988983006271,4.118348884109775,5.95800516678449,0.08900440318653512,61.39523783811803,10.348939732828624,34.93556318234163,74.62063800373903,4.055855521762227,6.686061507815887,0.096437065500038,66.49526673817012,11.69518134205859,32.94295630618799,66.14995617255612,4.277323640374309,8.878075124557487,0.15278420402973847,97.44436248101574,15.202841424292387,36.17205982115964,62.796295336751875,4.558978703863373,12.517607051916706,0.2519509793052755,142.39266432051664,18.342980257430273,40.20452010527634,54.79072911712672,4.456046532517913,15.630919984811232,0.35678276301453443,200.111913419299,22.113535502298156,53.437660601419914,52.169361641201576,4.545822814009545,17.661346956336377,0.4543051809090139,235.70453291859548,24.92805776672398,55.37595884170001,49.923868534874835,4.566627607618065,19.275524890711118,0.5189632715381568,297.40270282764857,21.383581100122097,1.0,133.8979
2026,26.443003996011203,57.08067630246062,48.24503544440916,4.732693575216714,19.54714497571962,0.5554794407902566,323.8351293610534,24.767577032549244,57.15634953370175,50.789377939973534,4.463145960023935,17.383257508611898,0.4761133452371463,241.18062322538145,22.61206421620611,50.07917398257691,54.47323135197069,4.241285812072506,13.974028082447802,0.37644166766117354,218.44362528067765,17.248632834333016,32.479758713628414,60.98286861430161,3.910320111162419,11.074144987088388,0.23505951867117855,133.97603020511943,13.467848968481409,34.40758032848442,67.28843563871573,3.8318057242781216,7.592493614897403,0.13861650690461647,87.9215432096359,10.531869504157973,41.8847924149022,74.54415192954059,4.054407081309318,6.027646111315391,0.08890914766252071,58.71864901717167,10.3016370998242,35.05645536099152,73.46638132782292,4.147515733885266,6.777708119901414,0.09886799444390881,66.98116487513201,11.481615044018836,32.2910283716759,67.11726063212286,4.379038074096313,8.727809227774035,0.15933766386267817,96.46108098012799,14.27354246890905,36.62527602713679,61.4675231476494,4.338470913339604,12.345015738229158,0.24179970192220507,144.7666449011809,18.294145661335435,42.55414445462762,55.54348340092496,4.380471010161662,15.255221108619029,0.3494534218743648,194.31839433260646,21.43506303786196,54.75567439546667,53.79158903184015,4.555729966600035,16.94623107042673,0.46271144651825336,246.24271311509796,24.434259619789568,53.31115568470159,49.6307242734098,4.932352988655793,18.671890438723604,0.5127944808148649,285.3520907897573,22.20705900350685,1.0,127.963615
2027,25.74228730575422,55.841952273146816,47.81188937821652,4.751947468561816,19.152651068950505,0.5587644454886165,310.76473915603873,25.15812824677175,58.030183054136295,51.86990612495233,4.537117192876038,17.313167644205375,0.4862956012960207,242.613238553289,22.045340703354274,51.48913621018231,52.74467128979559,4.202711671858229,14.277125057918711,0.3639811194179544,215.54120389081282,17.73228099891194,31.817780032385436,58.770675599261146,3.9133571947791115,10.605885527011305,0.2387699694096957,139.63685634941595,13.478187004372003,35.53312354532198,66.81213635106133,3.8398995345935045,7.621254820783122,0.13624136916637333,88.57770852150038,11.176663393080117,42.615160874661534,75.31489488378679,4.097516145824247,5.849643076394198,0.09034285070600363,59.25708901668291,10.320518465693212,34.596632682146364,71.16760536547747,3.944381401145659,6.677727464542705,0.10212206826214229,63.71347536562444,11.500820287502773,31.585023353262645,69.5241024490644,4.171124376014515,9.11151505268624,0.15426077452087145,97.74980722677321,14.302494295160075,34.895347800918486,61.03723320949907,4.3999148631353195,11.827564613324393,0.2559069671342516,141.89889906147687,18.43159751133378,42.598385140759596,55.95196461764471,4.3298746378781905,15.588156758153254,0.3515754202780018,205.1980925942033,21.275723391322465,52.661346612798226,53.5629754160868,4.651957351951516,17.854215580344608,0.46549818648336283,237.6660870043998,25.015433632508028,55.72873686860721,48.434295939041235,4.5630179519369705,18.88482683138786,0.5384087599442532,290.9165158494074,21.11878441192956,1.0,136.70631
2028,26.25713245512851,56.07023361193074,49.33454053789091,4.621258657818179,19.409921799368878,0.5502323149721128,311.55492154421466,24.32809796322031,59.18284411917606,52.69999682279597,4.650837445404976,16.995811127286146,0.49036460303669094,233.85088200974252,21.8146386689323,49.38655312746438,54.93558914173716,4.128743259567808,14.408176864180755,0.3618905700782826,221.28997763893926,17.78955900732737,32.664613479061465,61.45330747991786,3.8223050294643577,10.457553435277338,0.24254676298554056,138.0204753172863,13.875792901984736,36.349557297095366,65.94970536379023,3.954993333488495,7.559367482633532,0.13813960407426149,87.23178078635543,11.05393864380173,42.47239425445798,75.48235971160415,4.086048879569223,6.289174458833968,0.09115326374486328,59.523132678414676,9.868878430929371,36.289424327944005,73.88330901291856,4.0990236081805955,6.407750806057879,0.09767467366597499,65.71175856640976,11.274785631332282,33.26273809099556,70.49832451469922,4.200039284062248,9.065840117084727,0.16006323098215747,98.82102184684884,14.725046760154843,35.70151547792115,59.70913174326652,4.450726212672415,12.68724976888316,0.24860936519562177,138.4304924268387,18.05861734122921,41.209267474561166,55.62690145014581,4.48117587069111,15.509510891308802,0.3454998614617847,205.48940286601103,20.971365177199548,53.53233209111858,51.93086043497489,4.672618932049319,17.514641236013183,0.46626336704057014,242.64366685285017,23.636035633158336,53.90424996294198,48.42574571802845,4.689235018506178,19.05005370245268,0.5200004539338229,285.3318804426113,21.811282122903442,1.0,132.11969
2029,26.17513985769207,55.249384024992345,46.9524474276315,4.674610763944917,19.084395253266816,0.5642271462489792,308.93873710924527,25.780227348986436,56.349248590391866,50.6502371389744,4.527192459646285,17.36932428859845,0.48594372906455485,232.2888831869126,22.40835293152089,51.13282394021925,53.50352771049189,4.215825533418242,14.342796884807578,0.37611905164332937,227.13007609243223,17.67117993203234,33.55721547993347,58.32563277034783,3.944286083766631,10.525078582041763,0.22853855496078598,138.06990300269507,13.6735310858322,36.16580020070178,65.77535640478176,3.8348636333470965,7.602862345019405,0.14306943964897473,89.92709215250389,10.68220282232564,44.33291691107093,73.98744832115361,3.969826382675273,5.892623179736223,0.08773703501016149,60.32827396896833,10.262938708442096,35.20115530086671,73.88242460868162,4.026687918625848,6.724995508720548,0.10370857994091652,68.64836594372537,11.606611216084017,31.388850908627727,68.24662118494032,4.35889529667523,8.829819010850358,0.16047535252176767,95.87592765946404,14.912544059362922,36.391614766304976,60.90473914900867,4.382564854440018,12.453336393949787,0.2503659258570159,142.57455592077036,18.702659811640967,42.32985758299458,58.38114990485712,4.301978632836325,15.701064492165916,0.3763154645515301,203.40334277488523,22.053872781067174,52.699010438692525,52.285100192417296,4.634918329211797,17.51515544418032,0.46349625309082343,241.10588539415974,24.778979546789827,52.14379889401338,49.03816055522595,4.679059020097032,19.124303426991855,0.5382321230739135,293.8655007348283,21.597615798624318,1.0,135.4353
2030,26.12067920941272,57.02282539342761,47.973093367579544,4.743429646459956,19.651183567388255,0.5686456608147943,307.5222925598108,25.35765128809968,60.28362245743102,52.909909409673595,4.549329799328922,17.60325822623249,0.48868960790952914,237.4998336686426,22.52032132244303,49.02972712726946,56.66577306031181,4.20940134073742,14.267754572801431,0.36637875432975403,217.12471789542104,17.923387178852256,32.63975018233936,58.61127365037958,3.776652156908312,10.594917570404618,0.23809069883614725,140.35188810113883,13.151899068679745,35.07883270999592,67.90644170739898,3.8593542588796867,7.57385630294194,0.1379772065659445,87.76187540981658,11.023659575012863,42.66786010848327,76.02851506594551,4.135593677178277,5.793568683854237,0.08989253531769324,57.10120274173956,9.987989458274258,35.571619913756344,74.06304230014138,3.956880147283156,6.8676337482981715,0.10217293446460789,64.90435122561483,11.441947326890846,31.12848355967583,68.74212381457941,4.2382951674184195,8.993541872333745,0.15864978603828891,95.46830983295378,15.065746560628478,35.68124834505645,61.44566707122734,4.245780582989857,12.155299239072686,0.24711645689837558,141.55801060688634,18.671125875225812,40.27123757141158,55.81942495853887,4.441275436628959,15.515221969814384,0.36155409724424104,197.7687269636592,21.116037632256255,54.472710223433474,52.72494508276258,4.543116027595025,18.378134841324457,0.4400485700778339,235.60234189906114,23.499026164377113,54.39420621220253,47.59262109579705,4.633705728844468,19.047721084140075,0.5428841484938225,300.6233388605551,21.56411489311726,1.0,147.3396
2031,26.027231806242828,54.810683929023654,48.20561945904488,4.483845156400859,19.27501523013041,0.5248652510430301,314.88572728391154,25.704683437496797,59.68823961516267,51.84118387443076,4.356163983378914,16.297654079513606,0.5099381908877132,237.9544998097725,22.057718149799395,49.34015970817391,53.9667025419218,4.234370367697055,13.899447737350096,0.3635015478946413,219.410156410102,18.616615449844314,32.758428140894466,58.51092296658901,3.9002523290327895,10.406877177312733,0.23843154959912627,138.4626158230096,13.830982667533837,36.17212790815541,67.39607130410161,3.79748996182493,7.399707490229526,0.14084931579920712,87.5641864498504,10.621788406206996,41.341104085269066,74.8472463135962,4.1200367572140255,6.013294479642928,0.08911284656492022,59.33075541015466,10.530074703918851,34.28524962341366,72.77502978297473,3.9912459047829403,6.753424021729942,0.10017032452799893,65.8582973182659,11.075189864075075,31.176817151644716,66.97617647615003,4.239979890299068,8.800636461781462,0.1604522157680401,97.11809776969133,14.675040288852449,35.28987010322851,62.452142123376056,4.400231102828983,12.211688303669904,0.2512341795284926,140.5377460934793,18.884262843928088,41.23462499411232,55.79195612250632,4.429354963811105,15.523872879734007,0.35929160653488357,200.62640798560798,21.634179740493973,54.18016182642108,53.34862873592548,4.592480157983097,17.367279990132083,0.4621888996658783,240.57105314513896,23.91243850775716,56.05312638323899,49.006478149770295,4.7298851054249385,18.824510391931966,0.5189016582422418,294.4815215863652,20.296577902140477,1.0,122.60195
2032,26.344636849563322,56.35950760073927,48.632085501096505,4.677213416065311,18.933461485208525,0.5717225865420436,312.22995573226444,24.822063802492416,58.17596298964284,50.34071287068804,4.747118417627786,17.363539410796182,0.49707666602661776,240.98059907820397,22.068452964349817,49.61335657031661,53.40579519125967,4.266668260436393,14.071013017769856,0.3794304421334772,217.27424983836278,18.147179627604235,32.222548453064796,59.924895416128464,3.8551505808563,10.74756189911214,0.23771293713230424,143.32514431312825,13.8320118068645,35.34166378185034,67.99489306195584,3.769533845114677,7.49620878886197,0.1432712327538266,85.15613853647153,10.976900696505616,42.02558720902665,71.26566479852687,3.9456375442874863,5.970780033507703,0.09263792284207865,56.707629040644015,10.20604839768111,35.1214733281258,74.9833602145553,4.023233017340039,6.6229759462336055,0.10100611355832424,65.94093486278398,11.53942298336763,32.22251661425971,66.2713151992421,4.354932705127002,9.29591430251341,0.16066065918707728,95.47402342085854,14.223892415123677,35.57748461688995,60.495598214493484,4.51051528236813,12.246550518398195,0.25013906924779544,146.19882148553194,18.59067558344148,41.712793133371505,56.12362443099389,4.541448667108523,15.950959425585188,0.36001891564005184,205.6239952481093,21.602283481430778,53.389626774805805,54.99629702330734,4.6615485886785475,17.514910934234745,0.44921460955118664,241.5295459038728,23.988516918192406,54.17463459192075,48.39579179052702,4.5899159256472135,19.697214667358143,0.5152097608240207,292.1374499780939,21.11639448332755,1.0,131.4863
2033,26.746866629161566,55.23465502077314,48.76888575125004,4.48823658591579,18.59123504655249,0.5574940874285905,308.75283413791925,25.53420951854459,57.99202061160009,51.98657796689897,4.406183861946723,17.177739325218724,0.47488997736501737,232.94714089111278,22.50127357266561,49.77522431633904,54.75556503484426,4.253306569550807,14.11106193172121,0.3575333019336293,213.46137542220256,17.87819571441408,32.430873380973786,60.03409117165531,3.859872190601566,10.59229795183108,0.24199141754987627,139.72743023286432,13.814852851060873,34.91800581685922,68.03478769095977,3.8893555391588435,7.527172778922483,0.13866663470770918,86.30030621898638,11.18733967555188,42.97645553026986,71.3421073295416,4.004526969438657,6.123633377059353,0.09286733572320237,59.61607862968721,10.219534960910662,35.58716148108262,72.38863755992323,4.079991502539881,6.923835952265287,0.10100891312991488,67.67131674095296,11.228772961898764,31.21892996266356,68.26545686716747,4.3161130566248245,9.167698183125003,0.1646050215746324,95.27061213851981,15.079711744285946,35.63683430354656,62.03686637771662,4.334295626444001,12.508956864290592,0.2490306001317074,141.22000937330762,18.52531838328079,40.68796004107976,56.078499060465816,4.519832412096005,15.593285577560005,0.3618111842507237,198.97280356089885,21.908483230983713,53.79449354147641,53.234119069131104,4.760998378093045,17.664059152132047,0.4464191620161135,239.62409561866122,23.49421444473584,55.41216988371519,49.01391317384132,4.58571312975681,19.047786732466154,0.5256335379589542,296.24358889393955,21.179329130072457,1.0,136.68665
2034,25.614317352024244,54.57988038726416,48.11488331249668,4.580119492857972,18.77748372605265,0.5632696673499024,303.3431779501999,25.450396962754652,57.2182221624534,52.56754971664874,4.669429935327771,16.86123694167555,0.49482296373311035,239.6921219649109,22.33241092138146,51.5513607014716,53.33182550095822,4.158456012598568,13.939531883274325,0.3649143235901854,217.72977786054815,17.572505874128545,32.94691246180222,59.22906910909383,3.896296795394347,10.249339873030852,0.24590489399082838,140.40105601009623,14.180236518027417,34.74684844627599,67.27205609178021,3.8683896296252787,7.663171527984276,0.1386747382324267,86.8837756856485,10.986404498210145,42.107311172174015,73.46381356087016,3.998955985181201,6.154622848712864,0.09008962625729289,58.40536404191387,10.488116529791462,36.05236320298169,72.9524631483922,4.089078393706629,6.541615965385019,0.10266608263671113,65.02887203937786,11.553687784023666,31.924679325108706,66.44319723375368,4.427976114237834,9.105574853399352,0.15794428504432487,95.3567192789445,14.669189530035375,35.18231504806732,59.984747017654534,4.583076309424413,11.996889460924372,0.24261350222213224,142.94633234756773,18.568537513674496,41.169245714172824,56.84725034957942,4.349160069207575,15.955487917934636,0.36181854901865507,199.34488182858402,21.23796994272401,52.66061957076774,53.288345945449485,4.528944721303232,17.597768145439485,0.4457848138307423,248.00540572356527,24.83178950120054,54.096331861105334,48.848835253230654,4.698496267188578,19.68626745895347,0.5230218776231936,282.9258491289026,22.055664730571994,1.0,141.3721
2035,26.655575744773227,55.08061234621582,49.279345121658906,4.7100895525858,19.14032451472333,0.5655187499058763,309.2749982224929,24.3352461965465,59.01664050724484,51.92563293618911,4.4555181839263485,17.196360971721603,0.4671747544002335,240.851971557816,22.867500864132314,49.37307782283616,54.87748373688159,4.158374724776055,14.131188589315716,0.3789584431994218,219.8598910480626,18.304414737608308,31.91983582309005,60.19718025376892,3.882780903452755,10.43164116661548,0.2380330964144496,144.34743306619316,13.650705486609606,34.17692056626749,70.02999719567785,3.9439019400556092,7.702690939939183,0.14233188035348585,85.41513803833065,10.670084205662457,42.97712486054194,77.24739245696023,4.050638081845657,5.847382211200069,0.09183776747052817,58.783030428361826,9.988834555991435,35.604773741026634,75.12772069050614,4.132474312180025,6.918339691159799,0.101896319741775,64.41165996912483,11.966099156840851,33.0160677192756,67.06686725382474,4.249530798830587,9.287876991562978,0.15543509943702663,92.67954420647635,14.78843985678255,35.00475571989995,60.393368238687486,4.460393182009376,12.461403023727932,0.2523845117281084,138.30916127641842,17.915105580782285,41.612429982759075,57.038373294308606,4.376258490825971,15.315954746662007,0.3541982498955459,200.05806957976066,21.94575509248158,53.70263835681985,53.47998888467904,4.6811536709003745,17.27511259012851,0.44803446033081695,241.7744450404476,24.70194371630642,54.06511861497444,47.98909437441095,4.834720136082056,18.526254954737595,0.5253683794059433,291.922757734878,22.086550543079625,1.0,150.69086
2036,26.237866735285554,54.729892354224674,48.62763719116595,4.652776971840509,18.55460650850261,0.5325059090904547,307.613737327184,25.179793167960497,58.41088965578627,54.048274475475075,4.591926754086357,17.10559374066767,0.494483857305178,230.96490602515334,22.491957470394667,48.75321798556664,53.747280182262514,4.186786759454201,14.117173710792857,0.39042886572156144,219.2989307470345,17.879731597373908,32.9754402364618,60.22107287321503,3.7144982556432957,10.376242040045934,0.2511913093249977,142.7434123557505,13.337486936075898,35.94122085444788,66.76840738954625,3.7644887332501398,7.57553131487549,0.14235491319597046,87.1140695475052,10.868998224491227,43.532833451888685,76.32410284713461,4.062351491063102,5.89837672649118,0.08651483408196048,60.59997918098088,9.879529657793277,34.291288752767024,74.26017256905942,3.9951056744870383,6.654574683962609,0.10355534440782535,68.03455999076738,11.2598924594696,31.972588133599565,69.00152189196024,4.41902481632391,8.939410639043459,0.1575247276951144,98.60994122249556,15.21087489670494,35.31459523247609,62.10266404300799,4.368237384287712,12.431852553781459,0.2407641476983658,143.9635201915514,18.178545820493653,41.40344974461534,56.83896355994844,4.5400083534989495,15.707726081332051,0.36454852916740066,207.23739727187328,21.704855600406564,51.99798715556827,53.02242697183928,4.611078537815256,17.738001302325966,0.44821919532166504,250.86807762397004,23.79051514004629,56.01781058525908,50.429900375901596,4.804001451893528,19.722269311256436,0.5415428950728212,280.7607865714536,21.516021619950546,1.0,132.48471
2037,26.35096347839217,55.38837387693456,50.708345131948526,4.628907088300932,18.93656323229233,0.5447754390607885,317.8211592065698,25.2632173175641,59.97795686834443,51.97136913978665,4.579086573655219,16.775392635228037,0.4930994825985175,240.84952120795688,23.32403148840584,50.77803298293381,54.76305713984185,4.16487389883674,14.055618606544874,0.3711027022692545,216.32219075803468,18.63429312592762,33.087168802796256,60.03468684330982,3.765970136124803,10.445656998958384,0.2372435267837567,142.3275499301028,13.934834286059102,36.15924745828106,67.53725067796194,3.8518288811705523,7.681046560399279,0.14096322644346698,86.36277450483159,11.010195381173947,43.19519147187009,75.45958371265213,4.211758898703513,5.905119560278906,0.08922890491220849,56.978530124537905,10.244860554462548,35.51435000811919,73.87626641702974,4.060345178294733,6.521309189096751,0.10444311212271283,66.46657408406352,11.519101959309046,31.40018890148836,67.87739246950086,4.249707236697527,8.883231357346574,0.1557506879337206,96.35534939126117,14.840831441720827,35.871088838622384,60.4438592938427,4.423350801456013,12.513203357862754,0.24700422620124007,141.052793375469,18.09772980846593,41.644661068421,55.714273900076584,4.5503462348250245,15.679851627333333,0.35745591057234594,199.3603582905607,21.772530666491775,53.13366278000548,54.94851590133512,4.533254115224064,17.56493894672469,0.4331773430833395,237.4175173953086,23.89843950538773,53.11838673581993,48.14155518984864,4.792402039803937,18.583356712229218,0.5530904729111001,287.1729416190191,21.083428831326522,1.0,136.17657
2038,25.524712023358582,55.24770647625443,46.865691917703224,4.638627306924448,19.530670591926167,0.5544067582776364,315.9110288683208,24.816333840879267,57.530077285986835,52.57456327275709,4.511420981910334,17.476066726366128,0.4886924304592354,245.4477165860469,22.498121966742325,49.998893149172346,54.2951460311377,4.09411011987068,14.027504847543087,0.3773962024758617,214.98012070898196,18.01916269806237,32.94412224747031,58.3675874070559,3.782692875911659,10.50047326309446,0.2403333646254064,141.89564058227577,13.802942720323406,36.79690411396483,66.76132077565401,3.8824308274373016,7.691207946960812,0.13568296530231297,82.10050720228591,11.113006487086462,41.43191789772125,74.34878496222692,3.9583644560423714,6.295565296795442,0.08753249467601143,59.05646119508658,10.260826299929434,35.53853662760371,76.07661779027987,4.077840932374234,6.79002270068205,0.10358207850026857,64.19559190731273,11.55552792308746,31.479657487363824,67.5910241583809,4.182380875397661,8.790714313022193,0.155814073570062,100.22512819651895,14.401853787000318,34.94388014028638,60.02936303893709,4.448471248110441,12.576345026681416,0.2487026385257039,136.89721319162203,17.565857319832407,41.223081035362476,55.09899696743801,4.597022493052029,15.432499005737519,0.36467119177637286,197.02252931663352,21.10763242380634,53.69708018971189,53.85019360289081,4.544727187666519,16.927424249864735,0.458690579071419,238.87456392211266,24.088055000416738,54.35458636081856,49.63020300276509,4.874555684362672,19.04631339070198,0.5437365414496004,302.37763042147793,21.942604675578657,1.0,123.3241
2039,26.189028782274114,55.97228905414846,48.9232286470271,4.745409068436945,19.032087463599865,0.5492911005190759,303.6990191959773,24.92415807340297,58.9698632343514,51.66388699690424,4.490629795959468,17.018539916222394,0.4789646877087881,239.36783995104804,21.863491956811913,48.46455939921614,54.82606467603854,4.188797529490878,14.059746404067074,0.3632346914677245,223.53986133610996,18.4775339220504,33.157766714844804,57.511408958831666,3.847997638518142,10.656992703790419,0.2416704107928212,138.77662628095243,13.925622503361506,35.35674383924392,66.96161655469919,3.695839245826788,7.575326538921799,0.14054090469815617,89.50984629905174,10.977908242915978,41.88504690608801,74.79064709225324,4.0003687697481265,6.015331156802212,0.08962609029630113,59.699896599423866,10.282975829718225,35.82887203645129,73.19092372131315,4.127427793579309,6.811974060276726,0.10081357324909174,65.03684360624766,11.36437577954328,30.853483267460543,67.85397324286228,4.1741704623887905,8.978068408636421,0.1636129353565043,99.9897029570257,15.172816811751252,35.151789899093245,62.33586622335188,4.316375614701011,11.947349767328017,0.23874231834700851,145.53383588112916,18.258486824447733,40.64395765587594,55.91871514155366,4.526889648976118,15.213501727214426,0.3612080169793329,203.41825131071565,22.161207180084872,52.41924052751267,52.77989108954767,4.78491066467354,17.86630147272698,0.4642320054514145,240.83845438059558,24.574320998335384,53.71441961596779,48.93463859780009,4.683094186225448,19.383954130893024,0.5310325993989515,278.6531128007167,21.775047945602175,1.0,137.62936
2040,26.893913237978122,56.253732344993,47.31334956288409,4.732214952189696,19.776215463795143,0.5611854536652346,317.2754588499865,25.32400863738909,58.28818067661821,52.66496557793245,4.420855290400958,17.37427448724152,0.47882770588834755,234.51541840215842,22.17442504523337,50.36932209952069,53.493092440097634,4.1074096001100395,14.079146982728297,0.3860062982634932,219.65375564127692,18.132295714715305,32.6362371148931,56.94323046477138,3.9265670808783173,10.554618699123445,0.23328577247887283,142.8253426224242,13.938449511223842,35.373507755911334,66.05143060086274,3.7260034346431583,7.25140488751302,0.13974509935963667,90.04510821911622,10.854125850386565,42.442677278894465,75.79663242660102,4.1241724209607655,6.21739938498096,0.0915749575695825,59.37380392007942,10.102069385842558,35.906663577124405,70.81819613743536,3.9848089788655305,6.7576101725528614,0.10228547554395856,64.63973169343063,11.702327453741079,32.332810763493896,65.92211486938218,4.123346105573163,9.034105516506585,0.1580605347671268,97.11222753119718,14.317530017605284,35.74196636562033,63.5207884493523,4.413431204120971,12.981885890696255,0.2543208377044958,143.45550994642406,18.57486058770754,39.3608572265352,56.9589406001439,4.5484593002514435,15.274411799393464,0.3664753047680241,207.59917231794165,21.80040106428089,53.49279790949075,53.14891120018597,4.6538496069389454,17.33623859499816,0.4631724220527521,243.22337287726157,23.62872071101925,55.82741357277586,47.67274625704596,4.505087906010864,19.08114693821041,0.526138916458606,286.8408262987331,21.725510275041884,1.0,112.55968
2041,25.55438117156845,55.460994963278694,47.55218691549533,4.592778127457981,19.571466428849206,0.5523773179904147,306.4914326252958,25.085961431441255,57.34248525149471,49.17775433156561,4.500795465463478,16.88752690774006,0.492467428966119,236.01757469239374,22.219989385869965,50.96560695125878,53.51923878222329,4.121585149624484,13.966535307445104,0.366250242341281,221.6093516307772,17.98968046697905,33.92308160541635,57.1405894155145,3.9481230262038176,10.577495928952013,0.24282860512419654,147.9845512987648,13.801473559074006,35.20887424558083,68.36326321841354,3.8610729525574685,7.6278175257892205,0.13976334108012486,88.60644289793515,10.812877219277055,40.86089603823559,74.39122331419895,4.1205309390698845,6.037592630275648,0.08896145342791455,61.47700597618552,10.227214259177451,34.89064554828311,73.85514276604809,4.054951721206183,6.790011492553833,0.1013239752884669,66.9200984721211,11.664071675294071,32.819221517748815,67.56298111300246,4.1580634722982115,8.688997735858278,0.16076640877569956,101.40329727692902,14.817540746555782,35.061119170390825,59.59568732005152,4.4258232284394134,12.269367831803,0.24990103660112353,139.52340834546845,18.414277242105822,41.38677460460651,54.6087809952404,4.647137782528728,15.671604355131974,0.3632234902658364,197.7102478667851,21.722793460005647,53.88839166217574,53.05887534309539,4.538430331485557,17.88102718397109,0.45894749400856943,243.09669233581238,24.19762814349143,52.07989505542211,49.73156561106173,4.781436821263681,19.15269502839363,0.5320911232531578,299.9032971085606,21.403678910915602,1.0,126.484985
2042,25.08533405019308,55.596180312791994,50.24195972371948,4.693588693144943,18.911517877995816,0.5390251677617655,310.863678997942,24.600531919396648,60.549876673768416,50.76663636583825,4.604851136105843,16.4157887345986,0.4824365095323402,238.41458542767907,21.51428145456237,49.63715980949633,55.79519403329451,4.1235512234902405,13.95031705751093,0.34975139097786817,212.83340410357616,18.007817543313756,33.59938386967803,58.486036710354476,3.9181923676888832,10.458089532380697,0.24072627050139794,141.22240138062276,13.608579579377226,35.82925416011977,66.7310071035167,3.8411646563392905,7.844165096303721,0.14391427935039816,88.09390007940054,11.039402316397062,42.975479315792164,76.89785180527916,3.9643255564510547,6.032816932916691,0.09000759010413462,59.75485568235352,10.050436710846668,35.499021025683774,72.945280555431,3.945338910430337,6.857004353911153,0.10247443092741625,64.18233220573211,11.414325625186748,32.500132054602275,67.97674606058278,4.138065467038017,9.275057789167281,0.15576074344196045,99.34766214031633,15.07535294386786,34.89209885954396,61.10390221359568,4.5178641818059155,12.132111963178973,0.24396915492478413,141.34938052810935,18.260030495091947,40.89610256269674,56.48308164547976,4.377065685582682,15.86809039490373,0.34958670839687134,205.0214845159757,21.869464283593377,52.95624264763866,54.79430938528113,4.580815200261147,17.620054309688857,0.45776819835145033,248.67894048166715,23.77923015006657,56.816445618061756,49.29930424680746,4.783569042904782,19.522102428834025,0.5172535474245767,289.88210109438853,22.259695790640034,1.0,132.03995
2043,25.207754293006655,55.94661730173188,50.00974584892779,4.622311913255114,18.503830270917234,0.564959768750765,317.49605411081734,25.401968594797086,58.6568161455846,51.276182522999775,4.53915789287286,17.054026561216666,0.49661474259317306,236.2807826605102,22.563804324043847,51.58373312622355,55.73325102887751,4.139376798519154,14.055378726272856,0.3714369980600856,221.78323115689955,18.18724031268077,32.5519936136384,57.34053365403345,3.87979266180503,10.76303546620922,0.24137753794874156,139.12006158622268,13.74228582676893,35.71847804664499,68.33028457355174,3.774597484264123,7.540137908554543,0.13639778390717058,87.86945137867848,11.29149758798322,42.1462453692571,77.21963260364213,4.090307777736939,5.855523614868408,0.09354427954974763,57.85122390332235,9.87398452335388,35.99923740668082,73.02874730412938,4.042807401257106,6.764202730476533,0.09618484521369132,66.97421462584913,11.358473450795685,31.32162514117537,66.95738433458233,4.297885482584871,8.858656569315388,0.15588472474096904,93.53539618463114,15.335291828537628,34.44957319379304,60.91689268792159,4.226976517040132,12.690648033984033,0.25565008190870897,139.0064156777515,17.772156545852496,42.39046103238418,55.15512906145976,4.55418293646217,15.645117793767863,0.35768620389029404,205.61164665456496,20.611377068324508,55.87754603760139,50.82268925912656,4.616148847346566,17.941294281124822,0.452944943877026,246.7054018512268,24.18881845674435,55.10878306496356,48.512083066872975,4.7379852208034565,19.097800018349027,0.530231955505404,291.2164096339291,21.19212908369624,1.0,140.3882
2044,26.25742423898126,55.02438453314237,46.52949223878559,4.890633687174103,19.00266167910788,0.5704051941374237,303.6838752301819,25.21938709838668,59.05422165464688,52.17308168529536,4.426014121800515,16.89114618341101,0.48234552181288604,223.47004160022104,22.28953906343359,51.568679239969825,55.233401496944204,4.132688952570074,13.753470090746122,0.37168253613868885,209.35466700053107,17.95282804181452,33.02463780927386,58.730255868922484,3.791224392989858,10.558353333921835,0.2456187107875548,137.65946035692832,13.716797787774778,34.53508901446813,68.88136058304717,3.8930953610767594,7.7353361783206696,0.1441373605332416,83.83194474995985,11.087590153943683,42.22151918556225,76.61092026354018,3.9954778137509495,6.025247107063623,0.0909213797906087,58.629037981865515,10.305544831697127,36.09776788795736,72.21161929122741,3.9756896808550963,6.870017516502363,0.09801859077401887,67.38607706912418,11.233963031763055,31.647357697394927,67.44368803555014,4.214465536341041,8.83643233258167,0.15623523622134064,97.98497443081128,14.902193235131268,35.840865659904004,61.10649725466935,4.363877394605161,12.385684654128951,0.2495597723126062,144.36060670997873,18.523997204453675,41.52399641121001,55.80368786258499,4.487700871431188,15.984431991900884,0.3669646907836478,200.35921042753245,21.83073597518363,52.98300689178901,54.03291980392514,4.595085668795612,16.832916698476215,0.46623930688021514,234.5425102581595,23.516906978776948,54.39212229348567,49.33796443746689,4.730698797718523,19.829522884047705,0.5027812617716934,283.25703398102263,21.303911089919662,1.0,123.6348
2045,27.364269903334392,56.41282802216835,48.10813368149505,4.597249532378678,18.838036981051154,0.564424585075785,311.03272211460563,25.23011260412473,57.08402055420501,51.8470555612236,4.609979922254597,16.542988902239628,0.4848896247948083,245.7576032099388,22.252240910876814,49.330809263383244,53.61266247217334,4.151399930742969,13.547038520635253,0.36481333640679203,217.70662955824557,17.399394303765042,32.63591535586001,60.61558144630291,3.9575980303930374,11.039752733031742,0.24084476714491343,136.51178620810518,13.634731710724989,35.94666830927565,67.41725285243409,3.7549616280539904,7.514521198862996,0.1343901519046873,87.8175678478782,10.793392166073664,42.66894299460847,74.06935753411197,4.07646336715732,6.152828906567012,0.09502769837111605,58.92289676838493,10.182496502654233,34.8902577666907,72.02090316288859,3.997867895042165,6.773293622423318,0.10622402334241308,66.4369416545824,11.784654051312033,30.82481722536153,67.28933435834362,4.4316555114220435,9.047828595577045,0.15743242867077128,96.22994617353196,14.681644926583912,37.141594492720486,59.42571202655263,4.3630346258174395,12.337895211076997,0.24568745242525752,138.2288392520938,18.262478050393632,42.04381360039302,55.679420916325306,4.451038735411498,15.639811139511652,0.36193607242474923,202.22866417514413,22.651791669941463,53.38952764046881,53.604660892086656,4.51157949766861,17.373558207575122,0.4566472971088491,238.47492998059315,23.90384010692771,54.23428455196604,50.11826761205331,4.696887755722234,19.47213403471156,0.5236500158133457,294.216181632195,21.2946794183315,1.0,127.88475
2046,26.70541869542941,56.561975021450706,48.25979761293236,4.637055256221516,19.16464185677158,0.5501683762864179,303.0283162323297,25.153082721166008,57.48760661953259,52.77359382844043,4.397160774738713,16.396651860574483,0.49585658556600426,236.54282987599026,22.016134970112677,50.887725408679856,55.61708435261177,4.2064293381770135,14.00875873745431,0.3725345395738427,215.7733661036691,17.285367575583088,33.91662979158448,58.67406596386236,3.874441530082746,10.427428641320908,0.24595405521585065,140.99417443801724,13.803484685925053,36.013510757897116,66.72909515508559,3.71327873682149,7.522229355713068,0.13596305018459287,85.37972043907092,11.205470502336052,41.87142699258453,74.75628976919432,4.077496553758151,6.044149910186615,0.08986029894732452,60.32221529440015,9.885940000888937,35.010546546954714,72.60145279952512,4.088824198933289,6.814394630368771,0.10221475856134243,64.59022240822321,11.440699651322443,32.145899580064935,68.08189419212205,4.159447264784669,9.028627740309902,0.16109411633528692,98.9920836659053,14.88277634417866,34.34295363666275,61.36445954268244,4.4749234602665995,12.58769564279483,0.24774624363075587,144.90437715439518,18.543422615147787,40.70738648104593,55.66789518185215,4.455738197955254,15.532947098191455,0.3650641505870169,202.92407427419525,21.01352591320064,51.87187156102096,52.65334163034657,4.508803822408918,17.19816979177783,0.45899891062858333,245.75239904178238,24.081043297701285,55.12161671394388,48.82381918395739,4.741388792704526,19.029425770087215,0.530585323220942,285.6130533096094,21.198444213906328,1.0,124.46952
2047,26.992163074787843,55.85148363702682,46.263204363155914,4.633690594982352,19.63508856351445,0.555213156070639,298.0005867366542,25.330453810981368,58.42878325706446,52.02123590317018,4.524534129671918,17.180172501519007,0.4881060756219045,237.91760036949765,21.769998629045052,47.92406350918407,53.87738455181273,4.297331814386821,13.73786672307638,0.38035703986197766,216.34444992203487,17.704733736401444,32.99622745460479,56.631050298524244,3.770520294692632,10.60847875091202,0.2341868901922102,140.43476214937587,13.727344231258185,35.78780738732085,67.86378157161275,3.8299360339814053,7.944336971930343,0.13922701379352567,86.22676618417793,10.912760033779254,43.650263843274,74.86727023282408,4.164592561229789,6.078784245923694,0.08667841254076984,60.11150829306163,9.860536976908902,35.724430133398315,74.11100014645933,4.0540995424516595,6.651058179676576,0.10437160509348395,65.53187660676224,11.640838253172097,31.020406641853423,68.98145004197983,4.223685277867718,9.27383063293359,0.15974379855144075,97.7570315128555,14.678285461108848,35.818779140923205,59.944371513429076,4.499218863155396,12.813382198445646,0.25883655459166155,144.4038787780248,17.653377656150457,41.337483306372626,56.61639735623051,4.607629824472535,15.58452226397645,0.35841399256694784,202.50920951596314,21.857932830541017,55.66074165442957,52.06135837310202,4.662364149997465,17.378755439539475,0.4464052876092628,239.0191948415129,23.83119452882609,54.48240060282093,50.465135549340616,4.610708590459195,18.626859198258174,0.524228542603956,287.44754890387867,21.497510226538317,1.0,117.93631
2048,26.170229951939334,58.28910782718405,48.27624433674457,4.625277876504767,18.593687666799987,0.5642468282900271,316.155783745603,24.961398391954088,57.64879230859138,51.86668180959237,4.42531791847968,17.401894527711445,0.4868119732330065,243.18858609122995,22.165820688272913,50.193184891763096,54.07532937218118,4.114494515824267,14.532513002752093,0.3606253494500903,213.8742772565818,17.668656356867583,32.280857642077095,59.84705477455389,3.8183126833001837,10.893291507136215,0.239404228901194,144.93669719578966,13.773726798575304,35.43507979214708,68.20859761216546,3.833544233179223,7.611376190478126,0.1381844558284429,85.47736525224772,11.260889852755385,43.00876024936855,75.39621579767551,3.90210793467883,6.070375284937827,0.0908973703199512,59.523712656340656,9.927323199859433,35.28898147403371,71.80543084809584,4.007704862117548,6.64428684811611,0.10349436927027829,67.952791455414,11.387760049333256,31.888631688931685,68.706086179003,4.343471981174161,9.177185998511165,0.1572108024099477,96.7079680490787,15.050836407334058,34.24702251380118,62.5500781326826,4.384962015729466,12.323413905666932,0.25503374764151326,141.95411772695812,18.77843506218057,41.032540575088035,57.528957003928156,4.3517693356154385,15.821028039791436,0.367001638486501,198.86811617641067,22.348481034465287,55.03904188430729,52.864470262736596,4.565084783779227,18.030002921796946,0.44890916578663465,241.2023781526607,23.70759405577031,53.8693332917594,49.85068941762106,4.6748885038557315,19.221759213426367,0.544724540072108,278.32086853471384,21.87085334424427,1.0,142.26056
2049,26.8487071200069,56.645673067980354,48.70358949439647,4.679418546484613,18.87305810036743,0.564858209398199,310.21315620062217,24.67180905787276,59.03295170633967,51.502641079716334,4.4350950503992435,17.445220209350982,0.4910708856112731,239.8958996129981,21.872718186728054,49.2646370878702,55.38212888043915,4.318040486126554,14.273255954495173,0.3743322644076321,219.6611925973533,18.03771656385345,33.63506922917863,58.59271828072734,3.9604364979467577,10.373821214376019,0.24666410923093732,141.74209588646227,13.460288540286788,34.24178817319794,68.32198743437831,3.895799775981393,7.478832167774073,0.14037088934809955,88.08637145014042,10.917744578839288,41.25648811356098,72.84184470161694,3.9620308752233564,6.32326257916237,0.08958203706975124,59.68277585492622,10.233802020083496,35.34552745453488,74.25990788018488,4.170395205582822,6.577373602276686,0.10000903606257307,64.97951930027902,11.329038912179863,31.776182939410354,67.64174152612419,4.286512306194538,9.29732689177646,0.16008939954626283,98.12973386916184,14.732977265632053,35.96664416229581,59.25805208081879,4.447038680074145,11.955323674951527,0.26010076289108824,147.6575690022268,18.658576234931562,42.15145628609616,55.44918944876022,4.5537002191697615,15.93848123140108,0.35624110459807795,208.27189149287528,21.626384517629162,51.553999681902646,52.269568946517005,4.5089934552798185,17.395212320625852,0.44252831977920526,240.49724509725112,24.104045494218933,53.20459335783215,49.00764302005859,4.66149525680729,18.91233065799532,0.5539164789711615,280.01352004913434,20.92524114209643,1.0,136.11746
2050,25.976746027586298,55.500096875796494,48.533417473220794,4.691732327797895,19.147369652363345,0.5693640874598995,304.9388188381566,24.732529748453377,58.84202736758085,51.82182128822946,4.602922230702866,17.152263468911503,0.49210376610187945,236.43917570603992,22.267300431261642,50.99106447965356,54.113575626640475,4.272797254353407,14.420908910971526,0.3633267514715777,217.96807817429718,17.915574433494125,33.47964482155304,58.269916836181935,3.9771264280859135,10.41525942597895,0.2402373763783668,143.84701496128943,13.68170378473494,35.67893981459273,65.65512758966521,3.840583892017015,7.797056569874835,0.14122184137524105,92.59709736034057,11.173196270110832,42.415479843324036,76.83717981424145,4.071344338283079,5.933631086603384,0.08743019454898772,59.5400146588249,9.97046084600645,36.15198587054153,72.73469534354747,4.142202222961366,6.806321067380955,0.10009022392936043,66.12579303902217,11.1750033563385,31.960000911380625,63.35360806026186,4.348712055397569,8.899829933613384,0.1535002778346832,98.44799843082754,15.079685100456174,35.88789062993975,60.523992332197665,4.427031431696843,12.617321688165113,0.24202111448666508,140.22582814643866,18.26209769216195,41.890075886104896,56.04184326934453,4.584029566346913,15.013007289066573,0.36885330676181205,195.61128449530253,21.569009542886477,54.36170679240606,53.81021183466069,4.68852633171927,18.366023746739792,0.4524835726988314,239.95715433149996,23.584522968123654,53.07559642695242,47.187787637955026,4.775980890047539,18.66893073397679,0.5359394640051983,282.5263624539814,21.613473091892708,1.0,134.96983
2051,26.438756203539896,55.22207425255426,46.39591824635057,4.5151968849600905,19.452702575787356,0.5548384696925097,300.20029433702575,25.660109275864965,57.41793365022646,52.509427872006576,4.463917250696706,16.97232980880006,0.4876177529584048,238.32847129721358,21.85899360307271,49.14788845325596,54.19188886395168,4.273553999682691,14.275871952205698,0.38163982240656347,216.48841561014873,18.139604934817267,32.94062779081453,58.5387820848838,3.7938807980098783,10.380284252175638,0.23474969664582107,143.73909986657478,13.444779761957541,35.53081674859976,69.47608709939661,3.88717532631135,7.669893103434767,0.13610151560139788,87.08248107917983,10.866164270508136,41.91587707938998,73.6222279950539,3.939337117135744,6.120385128555426,0.08841548209262239,59.61518322945256,10.218380608513606,35.65626285666192,73.75949327919686,4.062966129938812,6.633520327439076,0.10180641960331058,67.80893328675855,11.373260032249375,31.41729697057915,67.26615017285559,4.196281606719177,9.243353877593103,0.15731406809936826,96.74369402972012,14.658865958151695,35.6712787630518,60.163389298681516,4.3775781418781925,11.946774685778026,0.24167958429007708,144.51173302149115,18.23074598511034,42.303878422346635,57.00214086505526,4.655472098121869,15.68043676296249,0.3609167118412822,199.9643835027305,21.79339097716293,53.772261104063226,52.28256258797305,4.4812759150227786,17.183714287951098,0.45802247638953875,239.76970232104958,24.72089404411496,55.67427861986046,46.767474407064206,4.772280326245715,19.127176205938333,0.5425090573028417,275.0290326709991,22.121187058585374,1.0,138.80759
