Year,AUS_Jan_temp,AUS_Feb_temp,AUS_Mar_temp,AUS_Apr_temp,AUS_May_temp,AUS_Jun_temp,AUS_Jul_temp,AUS_Aug_temp,AUS_Sep_temp,AUS_Oct_temp,AUS_Nov_temp,AUS_Dec_temp,AUS_Jan_rain,AUS_Feb_rain,AUS_Mar_rain,AUS_Apr_rain,AUS_May_rain,AUS_Jun_rain,AUS_Jul_rain,AUS_Aug_rain,AUS_Sep_rain,AUS_Oct_rain,AUS_Nov_rain,AUS_Dec_rain,AUS_Wheat_Area,AUS_Wheat_Production,AUS_Barley_Area,AUS_Barley_Production,AUS_Canola_Area,AUS_Canola_Production,AUS_Chickpeas_Area,AUS_Chickpeas_Production,AUS_Faba beans_Area,AUS_Faba beans_Production,AUS_Field peas_Area,AUS_Field peas_Production,AUS_Lentils_Area,AUS_Lentils_Production,AUS_Lupins_Area,AUS_Lupins_Production,AUS_Oats_Area,AUS_Oats_Production,AUS_Triticale_Area,AUS_Triticale_Production,AUS_Grain sorghum_Area,AUS_Grain sorghum_Production,AUS_Cottonseed a_Area,AUS_Cottonseed a_Production,AUS_Cotton lint aArea,AUS_Cotton lint aProduction,AUS_Rice_Area,AUS_Rice_Production,AUS_Corn (maize)_Area,AUS_Corn (maize)_Production,AUS_Soybeans_Area,AUS_Soybeans_Production,AUS_Sunflower_Area,AUS_Sunflower_Production, wheat_expvalue_CHN , wheat_expamount_CHN , wheat_price_CHN , wheat_expvalue_KOR ,wheat_expamount_KOR, wheat_price_KOR , wheat_expvalue_INA ,wheat_expamount_INA, wheat_price_INA , wheat_expvalue_JPN ,wheat_expamount_JPN, wheat_price_JPN ,NSW_Jan_temp,NSW_Feb_temp,NSW_Mar_temp,NSW_Apr_temp,NSW_May_temp,NSW_Jun_temp,NSW_Jul_temp,NSW_Aug_temp,NSW_Sep_temp,NSW_Oct_temp,NSW_Nov_temp,NSW_Dec_temp,NSW_Jan_rain,NSW_Feb_rain,NSW_Mar_rain,NSW_Apr_rain,NSW_May_rain,NSW_Jun_rain,NSW_Jul_rain,NSW_Aug_rain,NSW_Sep_rain,NSW_Oct_rain,NSW_Nov_rain,NSW_Dec_rain,NSW_Wheat_Area,NSW_Wheat_Production,NSW_wheat_value,NSW_wheat_price,NSW_Barley_Area,NSW_Barley_Production,NSW_Canola_Area,NSW_Canola_Production,NSW_Chickpeas_Area,NSW_Chickpeas_Production,NSW_Faba beans_Area,NSW_Faba beans_Production,NSW_Field peas_Area,NSW_Field peas_Production,NSW_Lentils_Area,NSW_Lentils_Production,NSW_Lupins_Area,NSW_Lupins_Production,NSW_Oats_Area,NSW_Oats_Production,NSW_Triticale_Area,NSW_Triticale_Production,NSW_Grain sorghum_Area,NSW_Grain sorghum_Production,NSW_Cottonseed a_Area,NSW_Cottonseed a_Production,NSW_Cotton lint aArea,NSW_Cotton lint aProduction,NSW_Rice_Area,NSW_Rice_Production,NSW_Corn (maize)_Area,NSW_Corn (maize)_Production,NSW_Soybeans_Area,NSW_Soybeans_Production,NSW_Sunflower_Area,NSW_Sunflower_Production,VIC_Jan_temp,VIC_Feb_temp,VIC_Mar_temp,VIC_Apr_temp,VIC_May_temp,VIC_Jun_temp,VIC_Jul_temp,VIC_Aug_temp,VIC_Sep_temp,VIC_Oct_temp,VIC_Nov_temp,VIC_Dec_temp,VIC_Jan_rain,VIC_Feb_rain,VIC_Mar_rain,VIC_Apr_rain,VIC_May_rain,VIC_Jun_rain,VIC_Jul_rain,VIC_Aug_rain,VIC_Sep_rain,VIC_Oct_rain,VIC_Nov_rain,VIC_Dec_rain,VIC_Wheat_Area,VIC_Wheat_Production,VIC_wheat_value,VIC_wheat_price,VIC_Barley_Area,VIC_Barley_Production,VIC_Canola_Area,VIC_Canola_Production,VIC_Chickpeas_Area,VIC_Chickpeas_Production,VIC_Faba beans_Area,VIC_Faba beans_Production,VIC_Field peas_Area,VIC_Field peas_Production,VIC_Lentils_Area,VIC_Lentils_Production,VIC_Lupins_Area,VIC_Lupins_Production,VIC_Oats_Area,VIC_Oats_Production,VIC_Triticale_Area,VIC_Triticale_Production,VIC_Grain sorghum_Area,VIC_Grain sorghum_Production,VIC_Cottonseed a_Area,VIC_Cottonseed a_Production,VIC_Cotton lint aArea,VIC_Cotton lint aProduction,VIC_Rice_Area,VIC_Rice_Production,VIC_Corn (maize)_Area,VIC_Corn (maize)_Production,VIC_Soybeans_Area,VIC_Soybeans_Production,VIC_Sunflower_Area,VIC_Sunflower_Production,Qld_Jan_temp,Qld_Feb_temp,Qld_Mar_temp,Qld_Apr_temp,Qld_May_temp,Qld_Jun_temp,Qld_Jul_temp,Qld_Aug_temp,Qld_Sep_temp,Qld_Oct_temp,Qld_Nov_temp,Qld_Dec_temp,Qld_Jan_rain,Qld_Feb_rain,Qld_Mar_rain,Qld_Apr_rain,Qld_May_rain,Qld_Jun_rain,Qld_Jul_rain,Qld_Aug_rain,Qld_Sep_rain,Qld_Oct_rain,Qld_Nov_rain,Qld_Dec_rain,Qld_Wheat_Area,Qld_Wheat_Production,Qld_wheat_value,Qld_wheat_price,Qld_Barley_Area,Qld_Barley_Production,Qld_Canola_Area,Qld_Canola_Production,Qld_Chickpeas_Area,Qld_Chickpeas_Production,Qld_Faba beans_Area,Qld_Faba beans_Production,Qld_Field peas_Area,Qld_Field peas_Production,Qld_Lentils_Area,Qld_Lentils_Production,Qld_Lupins_Area,Qld_Lupins_Production,Qld_Oats_Area,Qld_Oats_Production,Qld_Triticale_Area,Qld_Triticale_Production,Qld_Grain sorghum_Area,Qld_Grain sorghum_Production,Qld_Cottonseed a_Area,Qld_Cottonseed a_Production,Qld_Cotton lint aArea,Qld_Cotton lint aProduction,Qld_Rice_Area,Qld_Rice_Production,Qld_Corn (maize)_Area,Qld_Corn (maize)_Production,Qld_Soybeans_Area,Qld_Soybeans_Production,Qld_Sunflower_Area,Qld_Sunflower_Production,SA_Jan_temp,SA_Feb_temp,SA_Mar_temp,SA_Apr_temp,SA_May_temp,SA_Jun_temp,SA_Jul_temp,SA_Aug_temp,SA_Sep_temp,SA_Oct_temp,SA_Nov_temp,SA_Dec_temp,SA_Jan_rain,SA_Feb_rain,SA_Mar_rain,SA_Apr_rain,SA_May_rain,SA_Jun_rain,SA_Jul_rain,SA_Aug_rain,SA_Sep_rain,SA_Oct_rain,SA_Nov_rain,SA_Dec_rain,SA_Wheat_Area,SA_Wheat_Production,SA_wheat_value,SA_wheat_price,SA_Barley_Area,SA_Barley_Production,SA_Canola_Area,SA_Canola_Production,SA_Chickpeas_Area,SA_Chickpeas_Production,SA_Faba beans_Area,SA_Faba beans_Production,SA_Field peas_Area,SA_Field peas_Production,SA_Lentils_Area,SA_Lentils_Production,SA_Lupins_Area,SA_Lupins_Production,SA_Oats_Area,SA_Oats_Production,SA_Triticale_Area,SA_Triticale_Production,SA_Grain sorghum_Area,SA_Grain sorghum_Production,SA_Cottonseed a_Area,SA_Cottonseed a_Production,SA_Cotton lint aArea,SA_Cotton lint aProduction,SA_Rice_Area,SA_Rice_Production,SA_Corn (maize)_Area,SA_Corn (maize)_Production,SA_Soybeans_Area,SA_Soybeans_Production,SA_Sunflower_Area,SA_Sunflower_Production,WA_Jan_temp,WA_Feb_temp,WA_Mar_temp,WA_Apr_temp,WA_May_temp,WA_Jun_temp,WA_Jul_temp,WA_Aug_temp,WA_Sep_temp,WA_Oct_temp,WA_Nov_temp,WA_Dec_temp,WA_Jan_rain,WA_Feb_rain,WA_Mar_rain,WA_Apr_rain,WA_May_rain,WA_Jun_rain,WA_Jul_rain,WA_Aug_rain,WA_Sep_rain,WA_Oct_rain,WA_Nov_rain,WA_Dec_rain,WA_Wheat_Area,WA_Wheat_Production,WA_wheat_value,WA_wheat_price,WA_Barley_Area,WA_Barley_Production,WA_Canola_Area,WA_Canola_Production,WA_Chickpeas_Area,WA_Chickpeas_Production,WA_Faba beans_Area,WA_Faba beans_Production,WA_Field peas_Area,WA_Field peas_Production,WA_Lentils_Area,WA_Lentils_Production,WA_Lupins_Area,WA_Lupins_Production,WA_Oats_Area,WA_Oats_Production,WA_Triticale_Area,WA_Triticale_Production,WA_Grain sorghum_Area,WA_Grain sorghum_Production,WA_Cottonseed a_Area,WA_Cottonseed a_Production,WA_Cotton lint aArea,WA_Cotton lint aProduction,WA_Rice_Area,WA_Rice_Production,WA_Corn (maize)_Area,WA_Corn (maize)_Production,WA_Soybeans_Area,WA_Soybeans_Production,WA_Sunflower_Area,WA_Sunflower_Production,TA_Jan_temp,TA_Feb_temp,TA_Mar_temp,TA_Apr_temp,TA_May_temp,TA_Jun_temp,TA_Jul_temp,TA_Aug_temp,TA_Sep_temp,TA_Oct_temp,TA_Nov_temp,TA_Dec_temp,TA_Jan_rain,TA_Feb_rain,TA_Mar_rain,TA_Apr_rain,TA_May_rain,TA_Jun_rain,TA_Jul_rain,TA_Aug_rain,TA_Sep_rain,TA_Oct_rain,TA_Nov_rain,TA_Dec_rain,TA_Wheat_Area,TA_Wheat_Production,TAS_wheat_value,TAS_wheat_price,TA_Barley_Area,TA_Barley_Production,TA_Canola_Area,TA_Canola_Production,TA_Chickpeas_Area,TA_Chickpeas_Production,TA_Faba beans_Area,TA_Faba beans_Production,TA_Field peas_Area,TA_Field peas_Production,TA_Lentils_Area,TA_Lentils_Production,TA_Lupins_Area,TA_Lupins_Production,TA_Oats_Area,TA_Oats_Production,TA_Triticale_Area,TA_Triticale_Production,TA_Grain sorghum_Area,TA_Grain sorghum_Production,TA_Cottonseed a_Area,TA_Cottonseed a_Production,TA_Cotton lint aArea,TA_Cotton lint aProduction,TA_Rice_Area,TA_Rice_Production,TA_Corn (maize)_Area,TA_Corn (maize)_Production,TA_Soybeans_Area,TA_Soybeans_Production,TA_Sunflower_Area,TA_Sunflower_Production,NT_Jan_temp,NT_Feb_temp,NT_Mar_temp,NT_Apr_temp,NT_May_temp,NT_Jun_temp,NT_Jul_temp,NT_Aug_temp,NT_Sep_temp,NT_Oct_temp,NT_Nov_temp,NT_Dec_temp,NT_Jan_rain,NT_Feb_rain,NT_Mar_rain,NT_Apr_rain,NT_May_rain,NT_Jun_rain,NT_Jul_rain,NT_Aug_rain,NT_Sep_rain,NT_Oct_rain,NT_Nov_rain,NT_Dec_rain
1990,28.6,28.1,26.74,22.26,19.17,14.8,15.17,15.88,19.13,23.32,27.11,28.37,64.97,39.74,51.45,62.91,44.77,21.41,22.42,20.22,10.72,16.56,13.25,44.75,9 003.8,14 214.6,2 309.9,4 044.1,49.7,78.2,93.1,109.4,45,58,326,388,30,27,801,772,"1,089","1,640",91,164,376,939,240,493,240,305,105,846,52,218,49,77,66,73,"195,091,000",1485,"131,398","149,252,000",1200,"124,345","129,797,000",785,"165,428","178,226,000",1047,"170,242",26.06,23.76,22.86,18.56,13.98,9.99,10.13,10.3,13.92,17.65,21.98,25.85,45.12,82.6,36.11,153.7,66.61,29.41,57.56,49.32,31.68,33.09,11.71,23.48,2 123.4,3 423.3,"509,000,000","148,687",412.9,655.6,32.7,55.1,21.6,20.7,2.4,3.9,27.3,28.3,0,0,46.3,65.5,365.2,503.5,38.1,81.3,138,359,175,380,175,236,100,816,17,98,15,26,29,34,20.89,19.75,19.24,15.46,11.51,8.75,8.91,8.7,11.49,14.09,16.96,19.76,10.27,61.36,26.67,76.13,34.43,61.97,93.68,95.59,55.01,65.46,31.58,26.4,952.3,1 961.4,"313,300,000",159732.8439,388.7,696,12.4,16.6,24.5,38.3,20,20,154.4,198.2,0,0,35.9,41.2,188.6,330.4,15.2,26.7,0,1,0,0,0,0,0,0,0,1,1,1,3,5,30.24,28.47,26.95,22.99,20.38,16.43,16.72,16.62,20.32,24.91,28.53,30.06,48.98,38.73,138.5,144.05,69.86,38.62,10.56,3.71,4.81,13.22,11.77,81.72,894.3,1 420.0,"227,400,000","160,141",179.4,320.7,0.5,0.5,40.9,42.1,0,0,0,0,0,0,0,0,15.4,14.3,14.3,29.8,238,578,65,113,65,70,5,30,34,115,33,50,33,33,27.94,24.66,25,19.7,16.79,12.18,12.4,13,16.94,20.75,25.05,26.29,26.46,9.61,5.63,14.76,36.03,16.22,21.73,20.21,10.55,12.36,2.76,20.04,1 556.6,2 607.2,"453,500,000",173941.3931,899.5,1 724.5,3.5,5.4,5.8,7.5,21.8,34,117.4,143,30,27,42.3,45.4,172,249.9,9.1,13.1,0,0,0,0,0,0,0,0,0,0,0,0,0,0,28.16,26.83,27.8,23.52,20.01,15.18,15.03,16.62,19.94,23.39,27.49,28.37,84.22,32.74,23.03,15.02,17.74,12.66,19.65,20.99,6,13.27,10.24,21.93,3 476.4,4 800.0,"798,800,000",166416.6667,421.4,628.1,0.6,0.6,0.3,0.8,0,0,26.9,17.6,0,0,676.3,619,339.9,529.4,13.9,10.9,0,1,0,0,0,0,0,0,1,5,0,0,0,1,14.54,14.49,14.21,12.01,8.75,7.33,6.22,5.75,8.12,10.27,12.08,13.36,64.97,80.95,63.01,85.7,123.21,151.54,201.62,140.43,98.44,99.1,107.81,113.56,0.8,2.7,"500,000",185185.1852,8,19.3,0.1,0,0,0,0.4,0,0.4,1,0,0,0.7,0.9,7.6,12.8,0.7,2.6,0,0,0,0,0,0,0,0,0,0,0,0,0,0,31.32,29.45,29.81,25.41,23.07,18.25,20.09,20.7,22.97,28.63,31.92,31.79,100.37,44.65,38.63,23.46,54.13,0.85,0.84,3.36,2.56,7.51,21.98,71.18
1991,28.29,27.79,25.95,22.55,18.61,17.13,14.99,16.39,19.81,24.35,25.58,27.02,130.26,120.58,15.72,13.96,16.49,36.5,22.92,11.89,10.14,7.69,31.65,43.01,9 218.2,15 066.1,2 555.7,4 107.8,72.9,98.4,178.1,191.7,43.9,53.1,318,318.1,0.2,0.2,792.6,757.7,1 043.6,1 529.8,104,188.6,375.5,746.8,279,686,279,447,89,740,48.3,192.9,39.9,62,166.4,151.5,"14,550,000",133,"109,441","31,799,000",184,"172,360","74,956,000",431,"174,002","72,829,000",421,"173,008",26.16,26.4,22,17.7,14.01,13.09,9.64,10.92,14.14,19.37,20.91,22.3,80.35,35.92,15.29,12.12,42.82,73.13,45.48,23,22.89,12.92,25.33,81.04,2 165.8,4 127.6,"305,400,000","73,990",463.3,822.5,56.6,81.5,39.5,56.5,3.5,6.2,27.7,31,0,0,55.3,72.2,374.3,538.4,42.1,87.7,83.6,186.8,202,526,202,339,85,719,17.8,90.6,13,26.2,58.1,59.1,21.21,20.37,17.81,13.99,11.29,11.15,8.44,8.88,10.92,14.86,15.44,17.87,89.24,4.7,23.42,29.94,13.36,133.92,84.27,101.94,81.98,15.88,30.3,55.17,911.5,1 493.0,"144,900,000",97052.9136,463,650.6,10.2,9.5,57.6,36.3,20,20,165.2,131.7,0.1,0.1,33.3,29.6,177.1,301.1,18.9,33.7,0.3,0.6,0,0,0,0,0,0,0.3,2,1.3,2.1,1.7,3,27.82,27.79,26.65,23.33,20.4,18.39,15.79,17.93,21.53,25.73,28.38,28.28,276.01,233.9,18.43,10.64,16.93,8.88,9.93,0.52,0.57,9.89,37.81,75.8,1 060.3,1 973.2,"186,500,000","94,517",176.9,360.8,0,0,72.2,87.6,0,0,0,0,0,0,0,0,24.2,27.1,15.4,35.5,291,557.8,77,160,77,108,4,21,29.3,94.9,25.5,33.8,105.8,88.3,27.98,28.39,23.99,20.05,15.13,14.65,12.57,13.63,17.4,21.57,23.76,24.36,15.83,6.34,7.12,8.42,7.77,41.68,18.67,13.28,10.9,3.22,24.85,10.98,1 447.8,2 020.8,"231,900,000",114756.5321,945,1 505.7,4,5.5,8.2,10,20,26.9,101.6,137.8,0.1,0.1,38.4,30.5,134.6,147.6,11.3,14.1,0,0,0,0,0,0,0,0,0,0,0,0,0.7,1.1,29.6,29.5,27.21,24.26,19.84,17.21,15.95,17.09,19.98,25.14,24.93,27.95,62.04,66.64,13.18,12.86,18.73,43.96,27.61,7.15,6.98,6.06,18.43,21.75,3 632.2,5 449.1,"565,400,000",103760.254,497.7,742.2,2,1.9,0.7,1.4,0,0,23.1,16.5,0,0,664.8,624.2,324.1,496.8,15.5,14.6,0.6,1.6,0,0,0,0,0,0,0.9,5.4,0,0,0,0,14.76,13.27,12.05,10.33,8.54,7.98,6.48,6.32,7.9,10.39,10.89,13.31,100.3,19.65,88.94,95.83,44.12,175.78,145.8,260.79,131.92,89.11,130.36,106.65,0.6,2.4,"300,000",125000,9.8,26,0,0,0,0,0.4,0,0.4,1.1,0,0,0.7,1.1,9.3,18.8,0.8,3,0,0,0,0,0,0,0,0,0,0,0,0,0,0,29.82,28.65,28.43,25.74,21.38,21.14,18.76,20.14,24.98,28.39,30.07,31,193.87,237.76,18.84,18.98,1.07,8.2,3.58,0.11,1.77,2.62,53.2,35.51
1992,27.63,27.13,26.76,23.13,18.7,15.53,15.13,16.36,19.1,22.22,24.22,26.62,39.8,86.43,35.24,38.11,37.48,21.52,10.4,31.91,26.6,29,30.91,60.51,7 183.0,10 557.3,2 744.2,4 529.7,150.7,170.4,249.7,221.9,58.1,64.4,426.5,472.6,0.3,0.5,938.5,1 047.4,1 160.1,1 689.8,101,177.3,567.2,1 443.3,312,749,312,554.5,113,957,51.7,268.2,29.6,62.6,78.7,84.2, - ,1, - , - ,0, - ,"144,000",1,"179,740","16,000",0,"178,891",23.66,23.44,22.69,18.39,13.61,10.15,10.06,10.51,12.64,17.25,18.63,22.12,44.86,98.01,23.35,35.2,28.96,21.73,21.48,53.25,40.76,56.84,75.76,122.1,1 499.3,2 183.0,"352,700,000","161,567",517.5,748.7,101,117.7,85.4,53,8.8,11,43.1,36.3,0,0,66.5,76.2,456.7,578.8,44,97.2,147,398,225,563,225,407.6,109,929,16.8,119.1,12.4,28.5,28.8,37.5,18.19,19.85,19.45,14.97,11.08,8.77,8.36,8.21,9.24,13.83,14.04,18.78,32.78,27.08,31.65,58.66,71.14,64.45,46.34,96.68,124.3,100.72,91.12,104.4,664.1,1 150.4,"132,400,000",115090.4033,533.9,897.9,23,26.5,89.6,112.5,30,25,193.6,211.7,0.1,0.2,36.7,40.5,182.8,300.4,20,36,0.2,0,0,0,0,0,0,0,0.4,3,1.5,2.4,1.4,2.2,29.6,28.25,27.19,24.49,20.75,16.4,16.35,18.75,21.9,24.18,26.49,27.87,58.38,168.25,30.3,18.37,42.27,2.98,6.83,11.79,20.15,17.29,30.34,102.17,491.7,343.7,"62,500,000","181,845",127.8,70.1,3.3,0.8,58.2,36.6,0,0,0,0,0,0,0.1,0,15,5.2,4,2.8,419.8,1 044.8,87,186,87,146.9,4,28,33.7,141.2,15.8,31.7,47.4,43,24.78,26.81,25.05,20.46,15.16,12.39,12.22,12.72,15.09,19.04,20.8,23.79,3.72,41.06,16.91,25.08,29.66,17.14,7.66,39.22,36.82,48.58,27.05,54.29,1 296.8,2 141.0,"373,400,000",174404.4839,999.2,1 881.5,6.6,10,16.4,19.8,19.4,28.4,144.3,196.3,0.2,0.3,47.8,55.6,129.3,172.5,14,21,0,0,0,0,0,0,0,0,0,0,0,0,1,1.4,28.4,28.5,27.61,23.81,18.99,16.74,16.15,16.27,18.66,22.39,24.53,27.29,31.05,36.59,55.85,60.78,34.51,39.3,7.4,40.16,18.58,13.74,13.27,11.03,3 229.9,4 736.0,"809,100,000",170840.3716,554.5,899.6,16.7,15.4,0,0,0,0,45.1,27.2,0,0,786.6,873.8,367.2,614.3,18,16.8,0.2,0.5,0,0,0,0,0,0,0.8,4.9,0,0,0,0,12.97,14.21,14.05,11.21,8.79,5.61,6.17,6.13,6.72,10.39,11.28,14.07,98.16,58.77,36.5,143.08,127.72,115.21,206.92,181.4,134.79,120.27,131.03,80.53,1.2,3.2,"500,000",156250,11.3,31.8,0.1,0.1,0,0,0,0,0.4,1.1,0,0,0.7,1.1,9.1,18.6,1,3.5,0,0,0,0,0,0,0,0,0,0,0,0,0,0,30.5,30.65,30,27.42,23.31,19.44,18.49,21.58,25.84,26.65,29.19,30.84,54.4,112.1,24.32,23.92,37.73,3.25,0.14,5.34,11.48,24.44,24.81,57.43
1993,28.48,27.98,25.81,23.55,18.95,15.15,15.52,16.78,19.29,22.21,26.02,26.56,84.19,110.53,25.5,8.68,30.02,25.16,27.68,21.23,23.89,28.52,31.9,70.66,8 274.7,14 738.7,2 947.2,5 396.8,107.1,177.9,151.8,176.9,82,99,382.3,456.3,0.5,0.5,1 032.5,1 195.0,1 149.1,1 936.4,122,282.5,426.2,546.1,286,527.5,286,409.3,107,858,44.9,198.2,30.2,48.9,59.7,49.8, - ,0, - , - ,0, - , - ,0, - , - ,0, - ,25.78,24.74,21.24,16.94,14.1,10.03,11.44,11.97,13.87,16.6,20.91,22.37,70.61,38.51,47.8,6.95,31.36,26.84,76.6,20.9,59.34,73.38,39.42,61.25,1 694.0,3 582.7,"475,600,000","132,749",559.7,1 043.8,70.5,133,28.1,24.7,16,28,31.5,34.5,0,0,98.8,187.7,447.7,761.5,49,147.1,117.7,229.1,204,365.1,204,301.5,105,846,15.6,107.9,12.7,28.1,25.1,29.7,20.61,20.34,17.71,15.44,11.43,8.79,9.03,10.5,11.59,12.89,15.28,17.56,71.89,42.5,48.15,9.15,34.27,44.75,88.12,56.72,124.41,96.49,55.17,83.37,821.2,2 015.1,"267,500,000",132747.7545,551.5,1 116.3,18.5,23.5,78.3,127.5,37,40,174.3,246.3,0.5,0.5,52.6,82.5,222.9,403.8,23,51.8,0,0,0,0,0,0,0,0,0.4,2.8,1.2,2.5,1.2,1.8,29.01,28.37,26.89,24.65,21.33,17.59,18.57,18.76,21.64,24.61,27.86,28.13,108.15,127.16,27.36,7.38,12.29,11.09,30.69,20.64,21.34,24.57,42.72,70.86,669.2,735.2,"113,700,000","154,652",189.3,285.2,0.3,0.2,32.5,14.2,0,0,0,0,0,0,0.1,0.1,14.8,9.7,5,8.6,308.1,315.4,82,162.4,82,107.7,2,12,27.2,74.6,16.4,18.3,32,16.9,27.5,26.43,24.06,21.34,15.94,11.57,12.51,14.41,16.32,19.01,24.56,24.33,36.5,3.7,6.49,1.35,25.34,13.09,30.59,18.18,22.87,42.24,11.66,39.48,1 419.5,2 421.2,"366,200,000",151247.3154,1 023.3,1 855.3,6.2,9.5,11.9,9,27,29,143.7,151.9,0,0.1,57.6,97.4,122.9,164.5,28,54.4,0,0,0,0,0,0,0,0,0,0,0,0,1.5,1.5,29.55,27.23,26.72,24.64,18.97,15.29,14.73,16.42,19.25,22.12,26.36,27.36,50.07,109,16.77,12.88,42.74,39.62,13.57,26.16,10.56,7.09,19.98,52.86,3 669.3,5 978.9,"908,700,000",151984.4788,611.1,1 060.9,11.6,11.5,1,1.6,2,2,32.4,22.2,0,0,822.8,826.5,331.6,577.9,16,18,0.4,1.6,0,0,0,0,0,0,1.7,12.9,0,0,0,0,15.09,15.15,13.34,12.07,8.79,6.58,7.41,7.95,8.47,9.8,10.82,13.14,77.45,116.94,64.25,68.36,118.23,148.43,142.08,160.4,90.38,130.28,127.84,178.14,1.5,5.5,"800,000",145454.5455,12.3,35.3,0.1,0.1,0,0,0,0,0.5,1.3,0,0,0.4,0.8,9.2,19,1,2.6,0,0,0,0,0,0,0,0,0,0,0,0,0,0,30.18,27.94,28.59,26.8,23.09,18.99,19.27,21.04,24.05,27.19,30,29.72,164.39,228.42,34.27,6.05,26.83,14.86,1.79,2.18,10.5,19.39,42.18,126.15
1994,28.74,28.24,24.79,22.05,18.57,15.28,14.82,15.71,19.39,23.4,25.71,28.11,39.3,102.81,50.07,8.98,11.11,16.8,8.53,8.41,6.74,12.22,26.01,47.7,8 383.1,16 479.2,3 424.5,6 668.2,176.5,305,146.8,193.1,93.7,148.8,399.8,558.5,1,1.2,1 150.4,1 479.7,947.3,1 646.5,129.2,262.8,498.4,1 081.5,294,465.5,294,367.5,125,1 042.0,43.7,203.4,40.6,81.3,112.7,104.7, - ,0, - , - ,0, - , - ,0, - , - ,0, - ,25.32,24.57,19.87,15.57,13.53,11.21,9.81,10.25,13.42,17.86,21.3,25.38,19.71,85.82,50.73,18.18,11.31,26.05,13.88,9.5,12.13,24.93,43.7,38.88,1 977.7,5 086.1,"623,800,000","122,648",623,1 357.0,100.6,192.6,26.4,28.6,10.4,21.8,27.1,36.4,0,0,96.2,156,369,617.8,42.6,110.1,99,228.3,210,334.2,210,273.2,125,1 042.0,14.2,100,22.1,47.7,38.6,47.5,18.73,20.82,16.94,14.61,11.59,9.44,8.49,8.09,10.03,13.84,15.84,20.59,31.25,82.23,21.22,27.87,40.64,65.08,29.81,31.43,42.18,44.41,53.37,20.35,779.9,2 021.9,"260,700,000",128938.1275,639.5,1 386.2,29.2,46.8,100.3,146.2,44.8,65.4,199.9,292.6,0.6,0.8,55.1,59.5,185.8,362,32.4,70.7,0.2,0.1,0,0,0,0,0,0,0.2,1.7,2,4.4,2.4,3.7,30.68,28.23,25.05,23.18,19.89,16.75,16.34,17.08,20.71,24.93,27.47,29.1,70.02,130.55,108.1,10.23,6.51,8.6,4.81,2.01,2.19,17.94,33.22,37.99,555.5,555.4,"83,700,000","150,702",232.2,260.5,0.1,0,7.4,4.2,0.2,0.6,0,0,0,0,0.1,0.1,15.9,7.8,3.6,5.4,398.7,851.6,84,131.3,84,94.3,0,0,27.6,87.1,16.5,29.2,70.4,52.2,26.74,26.2,23.43,19.36,15.91,12.94,12.18,12.61,16.12,20.81,22.59,27.22,4.13,33.82,1.32,2.5,4.94,30.43,9.34,3.54,5.13,5.73,10.35,10.09,1 216.0,2 121.1,"305,600,000",144076.1869,1 115.3,2 242.4,10.8,18.1,9.3,10.6,34.6,55.2,138.5,197.2,0.4,0.4,69.6,82,101.5,135.1,29.6,49,0,0,0,0,0,0,0,0,0,0,0,0,1.3,1.3,29.26,27.22,26.74,23.46,19.87,15.61,15.72,17.1,20.81,24.03,26.61,28.52,24.97,94.34,19.74,1.73,12.99,14.67,7.94,12.93,5.43,5.66,10.07,56.64,3 852.4,6 689.3,"969,800,000",144977.8004,799.3,1 381.4,35.8,47.3,3.4,3.4,3.7,5.8,33.7,30.8,0,0,928.7,1 181.1,268.5,511.1,19.5,22,0.5,1.5,0,0,0,0,0,0,1.6,14.6,0,0,0,0,12.91,15.1,12.63,11.9,8.41,6.66,6.45,6.18,6.88,9.93,10.76,14.69,111.25,66.16,23.86,102.7,242,106.12,140.92,154.84,136.83,99.96,146.21,24.62,1.6,5.3,"700,000",132075.4717,15.2,40.8,0.2,0.2,0,0,0,0,0.6,1.6,0,0,0.7,1,6.7,12.7,1.6,5.6,0,0,0,0,0,0,0,0,0,0,0,0,0,0,31.29,29.8,26.53,24.8,21.48,18.47,17.71,18.57,23.65,27.74,29.4,30.6,62.64,150.33,73.92,12.41,1.75,2.87,0.46,0.1,0.56,4.29,37,83.23
1995,28.18,27.68,24.94,21.5,17.93,15.68,14.99,17.25,20.53,22.84,25.97,26.87,101.84,109.63,53.45,26.63,29.67,23.9,20.85,9.64,16.63,24.63,40.95,60.33,7 890.6,8 961.4,2 470.5,2 913.2,356.2,263.9,208.9,68.9,100.6,67.2,460.6,240.4,5.2,2,1 407.1,1 076.2,896.6,924.1,153.4,181.6,686.1,1 272.2,246,473.6,246,375,119,1 016.0,50,241.7,17.8,27.2,135.7,111.8, - ,2237, - , - ,700, - , - ,1696, - , - ,1135, - ,24.33,23.77,21.09,16.79,14.11,11.06,9.22,13.03,14.4,18.03,21.5,22.17,140.46,32.06,24.26,13.62,77.51,37.62,29.7,4.61,48.68,44.96,78.1,46.31,1 423.8,874.6,"178,000,000","203,522",409.8,291.5,152.9,73.2,20.2,7.6,7.6,6.6,27.3,5.3,0,0,107,14.3,375.5,197.3,48.8,54,160.7,346.6,157,286.5,157,250.2,119,1 016.0,20.5,145.3,9.4,17.1,49.9,53.9,21.31,20.84,16.85,12.32,11.13,9.11,7.46,9.96,10.55,12.9,15.88,16.61,69.43,24.77,22.28,66.49,84.71,94.86,96.84,37.87,46.13,81.55,53.08,35.37,821.8,933.6,"175,200,000",187660.6684,492.3,448.1,74.5,56.7,143.5,37.5,36.2,17.4,223.2,68.9,4.9,2,64.4,23,147.7,200.6,47,65.5,5.7,7.6,0,0,0,0,0,0,0.7,5.1,1.8,2.3,0.9,1.5,29.24,27.72,27.24,23.32,20.48,17.7,16.46,18.73,22.51,24.65,28.43,28.82,118.44,140.21,82.22,16,35.08,11.5,2.28,18.44,13.61,37.96,61.84,68.47,400.7,225.1,"54,500,000","242,115",93.5,72.8,0.1,0,18.9,7.8,1.4,0.7,0,0,0,0,0.3,0.2,13.7,3.2,1.1,1.3,519.2,916.5,89,187.1,89,124.8,0,0,27.2,79.9,6.6,7.8,84.6,56,27.09,26.6,22.35,18.11,14.53,13.32,12.17,14.78,16.94,20.19,23.53,24.86,47.87,12.62,10.12,14.54,17.89,29.98,24.54,4.85,15.47,22.94,22.41,24.38,1 394.7,1 487.4,"316,900,000",213056.3399,881.9,1 158.7,24.5,25.9,12.9,7.9,31.9,30.5,167,141.4,0,0,82.7,56.3,94.9,87,41.4,43.9,0,0,0,0,0,0,0,0,0,0,0,0,0.3,0.4,29.12,26.98,25.39,22.68,18.07,15.6,15.71,17.51,21.1,23.41,25.98,27.28,59.87,164.73,42.33,42.03,14.76,26.13,28.94,5.14,10.28,8.37,16.26,64,3 848.3,5 437.9,"1,147,900,000",211092.5173,579.1,914.9,104.1,107.9,13.4,8.1,23.5,12,42.7,24.2,0.3,0,1 152.1,982.2,256.5,424.8,13.6,12,0.5,1.5,0,0,0,0,0,0,1.6,11.4,0,0,0,0,15.59,14.99,12.52,9.62,8.21,5.95,4.74,7.02,7.11,9.15,10.87,11.74,115.55,52.87,110.96,136.91,86.45,129.47,143.96,180.83,108.67,93.32,92.01,92.13,1.3,2.8,"600,000",214285.7143,14,27.1,0.2,0.2,0,0,0,0,0.4,0.6,0,0,0.5,0.3,8.3,11.3,1.5,4.9,0,0,0,0,0,0,0,0,0,0,0,0,0,0,30.01,29.2,27.19,25.53,21.11,19.41,19.21,20.89,26.04,26.59,30,30.69,181.44,103.48,90.17,16.19,17.66,5.34,2.38,0.1,3.99,13.33,46.62,81.27
1996,28.06,27.56,25.83,22.11,18.63,17.6,15.53,16.93,19.93,23.47,25.57,27.35,71.47,43.23,63.42,37.01,21.53,26.83,37.38,22.42,21.5,27.87,22.04,67.56,9 220.8,16 503.9,3 110.6,5 822.7,376.6,557.1,216.4,286.9,80.4,127.7,381.6,529.9,6.5,15.5,1 322.8,1 559.0,1 136.2,1 874.8,221.1,468.5,769.4,1 591.2,303.9,594.8,303.9,421.2,137,966,56.2,310.9,23.7,43.9,82.4,68.5, - ,148, - ,"2,000",698,3, - ,2335, - , - ,1304, - ,24.72,22.65,21.75,17.45,14.14,11.94,9.92,11.33,14.33,18,19.75,23.19,99.24,32.12,27.29,15.88,78.1,38.46,62.03,44.1,48.41,38.34,49.54,57.99,2 328.3,4 508.4,"901,400,000","199,938",593.2,1 073.6,170.2,272.3,31.4,30.6,10.2,10.1,20.1,21.9,0,0.1,91.7,116.5,505.1,711.2,75.3,208.8,170.7,471.6,185.5,382.4,185.5,270.8,136,965,23.6,190,11.6,21.3,34.5,38.7,19.69,18.63,17.81,12.79,11.49,9.28,8.16,9.56,10.99,13.89,14.6,17.01,56.1,55.11,44.15,46.19,27.08,86.14,93.12,85.39,97.3,45.12,37.69,30.42,853.4,1 921.2,"418,500,000",217832.6046,627.5,1 341.7,76.2,119.6,115,199.6,23.1,44.2,171.9,260,6,15,50.5,62,187,391.7,54.8,120.5,1.5,4,0,0,0,0,0,0,1.1,6.8,2,4,1.6,2.2,28.65,28.3,26.76,24.36,20.78,19.55,16.42,18.69,21.63,24.92,27,29.26,168.58,57.6,86.76,33.16,35.02,12.78,25.03,20.69,16.5,53.15,26.24,85.02,626.5,519.5,"118,600,000","228,296",167.8,195,0.2,0.1,26.3,13.1,1.9,2.2,0,0,0,0,0.5,0.3,14.1,6.9,5.8,8.4,596.8,1 115.6,118.4,212.4,118.4,150.4,0,0,31,113.6,10.1,18.6,46,27.4,26.11,26.5,24.78,18.57,15.09,14.21,12.89,13.73,17.19,20.32,22.78,25.98,5.76,5.54,10.41,4.76,6.54,24.2,43.87,23.15,27.29,8.59,6.47,15.16,1 519.1,2 724.0,"642,500,000",235866.373,963.5,1 851.1,30.4,48.1,12.3,17.3,26,51,151.6,213.5,0,0,79.6,89.9,119.6,161.9,66.4,103.8,0,0,0,0,0,0,0,0,0,0,0,0,0.2,0.1,29.19,29.45,26.77,23.43,19.56,18.01,16.45,17.28,20.34,24.35,26.84,27.59,17.75,37.98,65.83,42.88,7.22,38.86,43.2,15.78,13.26,13.84,14,58.81,3 892.4,6 826.7,"1,618,900,000",237142.3968,744.5,1 322.8,99.4,116.9,31.4,26.3,19.2,20.2,37.6,33.6,0.5,0.4,1 100.3,1 290.0,300.4,584.8,17,20.4,0.4,0,0,0,0,0,0,0,0.5,0.5,0,0,0,0,14.63,13.55,12.93,9.55,8.93,6.75,6.07,6.79,7.27,10.16,9.89,11.71,148.37,108.42,135,169.02,65.32,127.4,120.82,203.45,204.79,128.31,130.8,69.84,1.1,4.1,"900,000",219512.1951,14,38.5,0.1,0.2,0,0,0,0,0.5,0.8,0,0,0.3,0.3,10.1,18.4,1.9,6.7,0,0,0,0,0,0,0,0,0,0,0,0,0,0,30.73,30.21,27.92,25.51,21.46,22.25,19.79,21.49,24.91,27.82,29.83,30.84,76.83,64.36,90.4,60.36,3.94,1.96,8.58,3.5,0.49,21.37,18.43,113.04
1997,27.58,27.08,24.98,22.32,18.27,15.23,13.98,16.12,20.54,23.49,26.37,28.18,109.02,118.92,43.26,10.04,41.6,13.01,11.03,17.83,23.98,20.52,31.08,73.88,10 935.5,22 924.2,3 365.8,6 694.8,407.5,623.2,241.5,287.7,96.9,170.7,336.7,454.6,13.8,28.3,1 259.2,1 521.9,1 051.7,1 652.8,346.3,673.8,543.8,1 424.8,396.1,860.1,396.1,610.1,152,1 254.0,66.6,397.5,38.8,74.4,138.8,143.4, - ,166, - , - ,771, - , - ,2355, - , - ,1171, - ,24.15,26.74,21.28,16.98,14.23,10.54,9.07,10.67,14.59,18.42,23.32,25.42,61.1,70.02,27.27,3.42,51.78,35.19,14.42,18.62,62.37,38.84,37.28,43.11,3 192.0,8 363.4,"1,392,200,000","166,463",668.2,1 483.0,172.7,330.8,31.2,40.8,9.1,18.5,15.4,18.3,0,0,64.3,96.5,392.7,607.2,117.6,317.2,117.3,416.9,277,627.5,277,443,151,1 248.0,30.7,255.9,21.5,46.1,41.3,46.2,21.17,23.56,16.82,14.21,11.29,9.02,7.19,8.56,10.88,13.9,17.36,19.05,41.77,13.62,25.74,10.26,68.03,38.79,27.4,57.77,75.68,35.6,55.7,13.46,962.6,2 262.3,"384,800,000",170092.3839,584.7,1 189.4,92.2,131.6,135,171.9,34.6,61.2,173.9,213.3,12,26,42.7,51.8,174.6,304,93,167.2,1.4,2.7,0,0,0,0,1,6,1,6.5,1.8,4,1.4,1.7,28.12,28.37,25.92,23.24,19.78,16.9,16.51,17.75,22.95,25.4,28.06,29.62,133.07,162.92,109.22,6.92,33.19,8.48,5.27,5.13,15.13,19.15,50.27,137.35,979.7,1 979.5,"328,900,000","166,153",180.2,428.6,0,0,20.8,26.4,0.1,0.1,0.7,0.4,0,0,0.3,0.2,39.4,25.7,2.2,6.2,423.9,1 003.3,119.1,232.6,119.1,167.1,0,0,34.2,129.9,15.5,24.3,95.8,95.2,27.29,29.2,22.35,20.21,15.51,12.18,10.34,12.78,17.28,20.61,24.94,26.73,19.7,68.81,2.64,0.7,28,7.22,5.03,20.07,35.7,21.41,18.79,21.14,1 534.9,2 794.9,"519,100,000",185731.1532,1 008.9,1 923.2,36,52.9,11.8,16.8,31.5,69.5,119.1,195.3,1.4,2.1,71.5,101.8,120.6,155.8,105.4,140.5,0,0,0,0,0,0,0,0,0,0.1,0,0,0.3,0.2,28.35,28.44,26.54,23.8,18.87,15.98,14.36,16.6,20.46,23.84,26.11,28.89,104.11,109.87,18.62,19.96,59.02,13.45,17.35,27.44,16,11.42,13.4,37.74,4 263.7,7 516.0,"1,377,700,000",183302.2885,909.3,1 635.3,106.5,107.9,42.6,31.8,21.6,21.3,26.3,26.2,0.3,0.2,1 080.4,1 271.7,316.3,546.1,25.9,35.3,1.1,1.8,0,0,0,0,0,0,0.6,5.1,0,0,0.1,0,15.42,15.88,12.24,10.53,8.3,6.77,5.77,6.82,8.08,10.05,11.53,12.93,93.46,45.23,105.23,105.23,138.05,70.47,106.97,154.53,97.97,112.41,93.79,91.21,1.9,7.5,"1,300,000",173333.3333,14.5,35.2,0,0,0,0,0,0,1.2,1,0,0,0,0,8.1,14,2.2,7.3,0,0.1,0,0,0,0,0,0,0,0,0,0,0,0,29.35,28.89,26.84,25,21.69,18.24,17.26,20.62,26.2,27.78,30.05,30.3,196.29,168.34,43.78,1.81,14.17,1.4,1.51,0.48,5.48,20.49,37.46,127.59
1998,28.88,28.38,27.06,22.84,19.68,15.97,14.96,17.78,20.6,23.69,25.69,27.3,80.65,57.84,35.9,49.63,23.29,34.97,43.48,29.69,32.27,32.92,55.49,72.73,10 440.6,19 226.7,3 520.9,6 481.7,697.5,855.4,273,198.6,154.8,162.7,366.9,315.3,42,31.5,1 424.7,1 560.3,936.6,1 634.3,366.4,632.5,506.5,1 080.8,438.2,941.3,438.2,665.7,147,1 324.0,57.3,271.4,31.7,54,89.8,83.7, - ,177, - , - ,1138, - , - ,1724, - , - ,1110, - ,26.02,25.34,23.73,19.43,13.75,10.62,9.4,12.37,15.39,16.85,19.7,24.17,60.06,39.6,6.87,56.43,41.55,52.74,91.31,69,81.72,44.23,57.24,25.59,2 936.2,5 906.4, - , - ,701.1,1 364.7,269.7,361.7,50.9,46.4,21.3,27.2,18,16.1,0,0,80.3,74.7,324.9,488.2,132.1,266.8,123.1,382,299.3,672.3,299.3,475.3,146,1 320.0,22.4,161.2,19.4,36.2,11.7,15.5,21.29,20.25,18.39,13.42,11.34,8.54,7.26,9.82,12.29,12.9,15.43,19.33,33.82,33.97,9.78,64.05,26.47,88.08,70.41,41.04,70.44,67.17,75.87,34.96,856.8,1 502.8, - ,0,618.1,928.3,116.5,135.8,127,74.9,47.1,41,170.8,98,38.7,27.9,41.2,32.9,172.3,369.1,108.1,182.6,3.1,6,0,0,0,0,1,4,0.9,10.2,1,2.4,0.2,0.2,29.28,29.61,28.06,24.82,20.78,17.63,17.69,19.53,23.25,25.84,26.95,28.71,152.6,112.22,59.26,65.78,34.81,29.4,31.94,43.3,44.38,44.69,82.92,81.16,1 001.4,1 392.1, - , - ,135.3,204.5,0.2,0.1,27.8,23.4,3.5,3.5,0.7,0.5,0,0,0,0,16,13,1.1,1.4,379.2,690.4,138.8,269,138.8,190.4,0,0,33.6,96.9,11.3,15.5,76.9,66.1,27.37,26.96,24.52,18.84,16.59,12.6,10.89,14.42,17.66,20.3,23.3,26.02,17.56,18.13,15.31,38.11,5.71,19.94,45.96,13.16,24.48,16.51,29.36,11.98,1 438.5,2 689.2, - ,0,1 017.3,2 027.1,63.1,88,11.7,16.7,45,63.8,139.8,169.2,2.8,3.3,95.9,105.6,110.5,153,96.7,139.5,0,0,0,0,0,0,0,0,0,0,0,0,0.8,1.8,29.94,30.18,28.1,23.96,21.53,16.52,14.78,18.41,20.3,24.25,26.94,27.56,42.39,34.6,34.92,35.8,23.96,45.54,46.33,26.06,11.6,16.95,37.34,89.62,4 204.9,7 724.5, - ,0,1 036.0,1 926.3,247.8,269.6,55.7,37.2,37.8,27.1,36.6,30.5,0.5,0.3,1 207.2,1 347.0,304.9,596.1,26.5,35.3,1,2.4,0,0,0,0,0,0,0.4,3.1,0,0,0.1,0.1,15.72,14.33,13.12,10.27,8.47,6.62,5.87,6.85,9.08,9.2,11.22,14.38,48.13,95.64,55.46,104.69,87.63,120.44,135.99,84.98,158.27,157.59,99.39,108.5,2.8,11.7, - ,0,13.2,30.9,0.1,0.1,0,0,0,0,1,1,0,0,0,0,8,14.9,1.8,7,0,0,0,0,0,0,0,0,0,0,0,0,0,0,31.22,30.65,29.7,26.73,22.97,20.31,19.97,21.91,25.38,29.07,29.85,30.18,128.73,73.97,44.2,53.91,5.04,9.02,12.42,1.95,17.92,41.09,66.76,109.44
1999,29.15,28.65,26.18,21.17,19.32,15.73,15.22,17.03,20.59,23.49,23.97,26.2,86.2,98.1,86.1,35.32,22.83,19.08,16.39,14.86,12.04,37.24,62.3,88.31,11 542.6,21 464.8,3 167.3,5 987.2,1 247.2,1 690.5,308.5,187.6,135.3,194.3,369.4,370.3,66.2,38.7,1 406.2,1 694.9,908.9,1 798.2,385.8,706.9,584.9,1 886.9,561.5,1 024.4,561.5,715.6,149,1 362.0,64.2,337.3,55,107.2,193,218.4, - ,136, - , - ,1148, - , - ,1868, - , - ,1189, - ,27.33,24.22,22.23,17.93,14.68,10.92,10.94,11.82,15.9,18.79,18.45,21.63,56.22,40.79,70.94,46.03,28.03,39.82,48.84,41.76,32.27,91.19,63.75,90.09,3 173.8,6 563.3, - , - ,638,1 247.4,371.8,623.1,74.7,52.8,25.6,26.2,23.9,27.6,0.1,0.1,106,175.1,354,669.1,142.7,323.9,216.4,821.7,381.7,677.5,381.7,474.4,148,1 357.0,26.5,186.2,29.5,57.9,79.4,103.3,22.7,21.44,17.9,12.93,11.9,9.19,9.08,9.91,12.53,14.66,14.73,18.51,34.17,39.8,52.75,23.19,64.07,49.81,39.01,75.29,42.98,54.66,52.8,73.22,948.6,1 462.3, - ,0,568.1,869.8,205,257.4,125.9,44.6,42,60.3,148.8,92.8,59.1,28.1,41.6,45.7,188,458,111.2,179.6,0,0,0,0,0,0,1,5,0.5,2.5,1.4,3.3,0,0,29.36,28.59,27.25,22.66,20.87,17.44,16.92,18.79,22.38,26.3,25.42,26.8,155.94,128.18,117.8,52.41,17.01,17,12.56,8.13,5.8,27.35,120.39,117.68,1 138.8,1 941.2, - , - ,163.3,320.4,0.8,0.8,41.5,33.8,4.1,2.8,1.7,0.5,0,0,0,0,18.1,15.3,1.5,4.2,366.6,1 059.4,179.9,346.9,179.9,241.2,0,0,36.7,144.9,24.1,46,113.3,114.9,29.35,27.08,25.09,18.08,17.05,12.61,12.71,14.22,18.69,20.9,21.37,24.9,14.17,16.42,22.33,2.36,11.99,12.85,7.54,11.51,12.66,32.29,21.9,34.75,1 762.1,3 310.4, - ,0,975.3,2 051.0,132.4,193.1,15.5,13.4,45.7,89,144.7,208,6.6,10.2,78.7,101.9,112.4,178.1,99.2,146.6,0,0,0,0,0,0,0,0,0,0,0,0,0,0,29.53,27.24,26.65,22.37,20.02,16.28,15.52,17.36,20.38,23,24.96,27.14,63.32,118.05,87.76,31.27,34.61,18.14,14.87,10.95,10.66,22.94,32.55,71.54,4 515.3,8 170.1, - ,0,811.4,1 468.6,536.5,614.8,50.9,42.9,18,15.8,49.3,40.4,0.4,0.3,1 180.0,1 372.3,228.4,463.4,28.8,42.8,1.9,5.8,0,0,0,0,0,0,0.5,3.6,0,0,0.3,0.2,15.76,16.05,13.27,10.1,10.26,7.25,6.6,7.61,9.52,10.89,10.73,13.88,27.69,154.4,100.54,78.77,136.22,73.94,121.85,121.88,78.85,112.06,90.73,81.17,4,17.5, - ,0,11.2,30,0.8,1.2,0,0,0,0.1,1,1,0,0,0,0,8,14.4,2.5,9.7,0,0,0,0,0,0,0,0,0,0.1,0,0,0,0,30.88,29.46,29.01,24.74,22.5,19.31,18.4,21.02,25.2,27.62,27.96,29.6,122.7,125.2,103.76,38.71,0.32,7.35,1.74,1.18,1.16,40.97,72.17,123.73
2000,27.03,26.53,25.52,22.06,16.96,14.43,15.28,16.2,20.96,22.54,25.74,27.09,75.76,152.15,115.74,72.25,22.97,15.88,13.6,16.35,10.09,47.35,68.41,100.02,12 167.6,24 757.4,2 595.6,5 032.0,1 909.5,2 458.7,218,230,125.3,165.8,423.5,496.5,74.6,115.4,1 347.1,1 967.8,583.6,1 117.7,358,764.1,621.8,2 113.9,464.3,1 046.2,464.3,740.5,131,1 084.0,82.2,405.8,54.4,100.8,161.5,169.8,"1,864,000",60,"31,244", - ,1139, - ,"657,000",2192,300,"1,178,000",1161,"1,015",23.03,25.25,22.66,18.36,12.83,9.93,10.03,11.03,16.11,17.35,21.63,24.31,29.65,66.08,93.89,52.28,59.92,23.73,25.49,39.03,23.49,65.69,110.76,27.54,3 424.5,8 601.9, - , - ,475.9,1 040.3,515.5,826.8,66.3,85.6,22,24.2,24.8,29.9,0,0,134.9,239.9,159.7,283.7,129,372.9,200.5,803.7,313,695.7,313,492.7,131,1 084.0,22.1,177.8,32,59.1,41.2,61.2,19.4,23.34,19.27,15,10.78,8.89,8.4,8.97,11.66,13.14,18.4,19.34,25.75,46.94,25.53,51.43,86.09,48.17,62.86,58.27,85.1,82.4,63.61,24.99,1 234.6,2 642.1, - ,0,585.3,1 189.3,304.1,423.3,27.8,22.8,40,58,174.4,213.9,74.6,115.4,35.1,45.1,138.3,296.3,113.8,235.4,0.6,0,0,0,0,0,0,0,0.7,4,0,0,0.4,0.3,28.34,27.62,26.94,24.15,19.51,15.98,16.13,18.42,23.03,24.83,26.35,27.19,75.46,208.59,69.19,88.57,28,26.81,2.7,9.67,0.8,69.26,133.94,182.96,1 096.0,1 904.0, - , - ,129.9,253.8,0,0,46.2,45.9,0,0,0,0,0,0,0,0.4,10,11.8,0,5.2,418.6,1 307.8,151.3,350.4,151.3,247.8,0,0,59.4,223.6,22.4,41.7,119.5,107.8,26.6,28.19,25.12,19.99,14.23,11.89,12.88,13.23,18.84,19.45,25.15,26.85,15.64,64.69,17.31,39.66,17.06,11.62,14,21.47,12.22,26.55,28.16,14.92,1 850.0,2 585.5, - ,0,845.3,1 409.2,210.3,243.9,6.2,4.9,53.3,73.6,160.9,181.3,0,0,72.7,79.8,69.9,77.5,87.8,109,0,0,0,0,0,0,0,0,0,0,0,0,0.3,0.4,26.97,27.46,25.31,22.23,16.98,15.1,16.04,16.04,21.04,23.08,26.05,28.45,117.2,126.02,183.77,57.04,7.59,8.36,15.53,13.92,5.3,15.25,18.87,48.01,4 556.2,9 004.1, - ,0,550.1,1 117.3,878.8,963.2,71.5,70.7,10,10,62.4,70.3,0,0,1 104.4,1 602.6,199.4,438.7,25.3,35.2,2.1,2.4,0,0,0,0,0,0,0,0.4,0,0,0.1,0.1,14.43,16.4,13.72,10.96,9.33,7.29,6.48,6.91,8.4,9.97,14.09,13.44,75.55,60.99,61.77,74.01,168.84,100.98,173.76,92.57,173.02,159.79,62.76,100.3,6.3,19.8, - ,0,9.1,22.2,0.9,1.5,0,0,0,0,1,1.1,0,0,0,0,6.3,9.7,2.2,6.4,0,0,0,0,0,0,0,0,0,0,0,0,0,0,30.17,28.57,27.53,25.13,19.86,17.09,19.37,20.6,25.14,26.14,29.36,28.57,80.07,269.77,153.89,120.19,8.95,4.3,0.2,0.79,0.46,72.2,81.34,211.99
2001,29.15,28.65,24.86,22.31,17.78,15.98,14.92,16.14,20.17,21.76,24.93,26.49,71.96,124.53,90.76,18.68,14.5,25.48,24.35,13.3,14.79,37.34,45.3,61.81,12 141.3,22 108.2,3 454.0,6 743.5,1 458.6,1 774.1,261.6,162.5,206.3,324.9,395.8,455.9,101.4,138.2,1 179.6,1 055.3,650.4,1 049.7,389.4,841,757.4,1 934.3,527.3,1 140.0,527.3,819,177,1 643.0,74.2,344.6,33.2,48.6,82.3,77.5,"2,838,000",46,"61,585","5,000",953,5,"917,000",2097,437,"979,000",1195,819,27.77,26.46,21.45,17.15,13.11,11.29,10.11,11.21,15.78,16.59,20.13,23.05,41.82,63.24,74.73,24.14,28.01,36.29,42.35,25.63,27.79,48.62,45.84,19.98,3 670.8,7 867.3, - , - ,615.4,1 253.3,523.4,835.7,124.5,80.3,44.1,60.7,23.6,24.9,0,0,92,127.1,167.9,245.7,126.1,328.9,258.5,770.3,327.9,740.5,327.9,533.5,175,1 625.0,26.4,177.6,20.8,32.8,17.6,20,23.49,23,17.83,14.41,11.34,10.02,8.72,9.86,12.96,12.7,14.97,16.39,32.74,32.14,50.08,49.86,23.87,60.31,46.27,91.4,58.4,88.55,52.56,31.13,1 142.6,3 079.7, - ,0,693.2,1 670.5,260.7,379.7,8,7.6,67,104.2,146.1,170.4,101.4,138.2,33.6,46.5,139.9,351.4,126.8,315.7,2.2,4.3,0,0,0,0,2,18,0.8,7.6,0.8,1.4,0.2,0.2,29.06,28.29,27.59,24.27,18.88,18.77,16.38,17.63,22.19,24.54,27.1,29.61,71.87,134.7,75.92,19.62,4.5,16.81,14.02,1.72,5.51,35.84,67,62.21,884.9,1 157.0, - , - ,111.9,115,2.7,1.3,71,56,2.3,2,0.8,0.2,0,0,0.1,0.1,12.8,5.9,0.9,0.9,494.3,1 155.9,199.4,399.5,199.4,285.5,0,0,46.6,159.1,11.6,14.4,64.3,57,30.86,29.26,22.86,19.58,15.52,12.53,11.95,13.78,17.97,17.9,21.98,23.36,14.02,14.16,29.83,6.03,16.71,59.18,19.55,13.08,27.71,34.79,19.72,54.91,1 975.6,4 162.4, - ,0,1 040.9,2 320.3,154.3,204.4,1.2,0.9,79.5,151,134.7,215.7,0,0,66.5,98.2,75,117.2,105.3,157.2,0,0,0,0,0,0,0,0,0,0,0,0,0.2,0.3,29.39,27,24.9,23.34,18.99,15.88,15.52,16.79,19.96,21.59,25.54,26.35,71.3,137.72,81.5,9.25,21.21,14.17,29.12,11.64,11.42,21.26,24.59,53.15,4 460.3,5 814.4, - ,0,982.9,1 358.4,517.3,352.6,57,17.8,13.4,7,89.6,43.7,0,0,987.3,783.4,248.3,317,28,30,2.5,3.8,0,0,0,0,0,0,0.3,0.3,0,0,0,0,16.07,16.38,14.3,11.1,8.05,7.87,6.83,7.27,9.74,10.23,11.24,11.58,41.38,24.63,129.78,90.8,55.2,166.13,79.44,227.66,113.28,170.69,130.97,95.22,6.6,25.6, - ,0,9.7,26,0.3,0.4,0,0,0,0,1,1,0,0,0,0,6.6,12.6,2.3,8.4,0,0,0,0,0,0,0,0,0,0,0,0,0,0,30,28.96,26.32,24.64,20.42,19.43,18.57,19.24,24.31,26.57,28.64,29.88,144.13,228.36,189.05,32.57,1.23,13.38,14.84,0.11,3.21,49.4,69.61,112.7
2002,27.78,27.28,25.92,24.04,19.64,15.54,14.96,16.37,20.34,23.81,27.09,28.12,59.23,117.12,24.31,12.86,10.63,15.11,8.76,11.41,10.02,6.42,23.37,33.3,11 529.3,24 299.4,3 707.4,8 279.8,1 331.5,1 755.9,244.9,273.4,180,350,336.2,512.3,113,153.5,1 138.3,1 213.7,784,1 433.5,408.9,859.7,820.2,2 018.6,409,1 053.5,409,703.3,145,1 193.0,82.5,453.3,31.9,62.3,78.2,69.6,"2,212,000",38,"57,614","19,000",1014,19,"799,000",1686,474,"978,000",1134,862,24.94,23.57,22.29,17.99,13.69,11.07,10.1,11.95,15.54,18.76,23.94,24.26,24.36,81.15,37.82,20.29,19.13,20.36,8.15,16.03,26.5,8.26,16.87,34.81,3 446.0,8 042.8,"1,686,000,000","209,628",664.7,1 382.3,533.7,715.3,136.6,164.8,37,70,15.5,17.3,0,0,105.7,122.7,230.9,320.4,138,334.2,258,766.8,289.7,777.1,289.7,513.1,143,1 179.0,28.3,245.8,21.1,44.6,30.1,36,19.21,19.22,18.14,15.99,11.76,9.49,8.83,9.16,11.83,13.93,17.48,19.44,28.79,48.5,23.65,38.01,38.74,61.98,41.49,33.78,48.63,32.54,36.9,31.1,1 136.4,2 791.4,"630,200,000",225764.8492,700.1,1 655.7,238.5,347.4,17.5,24,55,95,124.6,153.2,113,153.5,32.7,40.7,142,333.9,130.7,296.9,0,4.5,0,0,0,0,2,14,0.9,9.1,0,0,0.1,0.1,29.4,29.13,27.24,25.29,20.51,17.47,16.07,18.3,22.72,25.78,29.02,29.59,107.2,131.24,36.25,10.97,7.68,15.46,1.47,17.19,3.15,3.98,12.58,37.84,604.4,901.4,"196,500,000","217,994",96.4,170.7,1.3,1.5,64.6,75.4,0,0,0,0,0,0,0,0,10.6,7.5,0,0,562.1,1 247.3,119.3,276.4,119.3,190.1,0,0,53.3,198.4,10.9,17.8,48,33.3,25.94,24.12,23.61,22.33,17.17,12.79,13.03,13.3,17.3,20.2,24.69,26.44,7.58,28.55,1.95,6.7,11.58,9.91,11.47,5.96,7.22,4.24,19.41,12.25,1 986.6,4 778.5,"1,151,200,000",240912.4202,1 151.2,2 781.8,163.7,272.1,0.7,1,75,175,125.6,258.6,0,0,80.1,146.5,108.3,202.9,108.6,178.8,0,0,0,0,0,0,0,0,0,0,0,0,0,0.2,28.3,26.47,26.97,24.71,21.35,16.16,15.93,16.96,20.09,24.55,27.18,28.65,39.46,123.36,20.18,13.5,10.76,13.88,9.92,8.56,5.52,5.13,21.97,38.13,4 349.9,7 759.9,"1,849,700,000",238366.4738,1 087.5,2 262.8,393.9,418.7,25.6,8.3,13,10,69.6,82.1,0,0,919.8,903.8,286.6,556.9,29.1,39.8,0,0,0,0,0,0,0,0,0,0,0,0,0,0,14.23,14.05,13.32,12.09,8.9,7.96,7.04,7.05,8.15,9.73,12.17,14.12,104.33,57.08,53.11,38.63,63.07,207.08,186.02,145.21,216.37,142.12,66.47,63.9,5.9,25.3,"4,800,000",189723.3202,7.4,26.4,0.5,1,0,0,0,0,1,1,0,0,0,0,5.6,11.9,2.5,9.8,0,0,0,0,0,0,0,0,0,0,0,0,0,0,29.9,28.7,27.87,27.4,22.92,18.04,17.54,19.38,25.3,27.89,30.69,31.32,97.39,190.68,23.61,8.48,0.78,0.1,0.14,0.05,2.68,1.46,42.83,31.97
2003,28.73,28.23,25.22,23.12,19.26,16.01,15.4,16.7,20.49,22.33,26.21,28.2,70.93,110.86,46.95,26.78,15.41,20.65,14.66,26.56,11.01,18.86,27.75,79.49,11 170.3,10 131.8,3 863.8,3 864.8,1 297.1,870.1,201.2,128.7,157,108,380.2,178.4,165,67,1 025.4,725.9,911.4,957,407.6,327,666.5,1 464.2,224.5,545.8,224.5,387.1,47,438,49.5,310,6.2,9.2,47.4,25.7,"1,956,000",755,"2,590","1,000",1065,1,"986,000",2647,372,"1,146,000",1250,917,26.89,25.91,21.12,16.82,14.36,11.57,10.31,11.06,14.76,16.22,21.37,25.46,14.63,79.08,29.84,48.65,32.95,31.16,34.31,58.06,11.2,50.38,38.64,52.21,2 994.8,2 494.9,"617,800,000","247,625",636.4,428,489.8,184,87.5,45.9,17,18,19,5.9,2,0.5,100.4,36.7,308.3,149.3,129.3,121.4,254.9,531.3,165.2,425.3,165.2,302.3,46,435,20.5,163.5,2.7,4.2,21.3,12.5,21.39,21.36,17.62,15.12,11.81,9.64,8.51,8.59,10.38,11.53,16.83,20.36,19.65,41.21,24.61,42.85,40.84,68.67,72.02,89.78,52.02,71.82,33.78,57.57,1 238.9,890.2,"231,500,000",260053.9205,777.5,478.4,247.8,176.7,13.8,1.5,50,5,132.4,21.3,90,4,40.2,11.4,188.1,250.1,135.7,104.5,3.7,2.1,0,0,0,0,1,3,1.4,15.2,0,0,0,0,29.76,29.11,26.52,24.74,21.09,18.29,17.22,19.29,23.16,25.2,27.87,29.93,70.63,168.03,68.57,26.18,14.47,18.83,9.72,16.47,0.84,22.92,14.37,92.83,514.4,600.9,"158,800,000","264,270",107.9,148.3,0,0,84,76.1,0,0,0,0,0,0,0,0,9.4,3.5,0.2,0.3,405.1,929.7,59.3,120.5,59.3,84.7,0,0,27.6,130.9,3.5,5,24.5,12.3,28.62,27.7,22.41,20.22,16.04,12.83,12.64,13.33,17.64,18.2,24.82,27.21,13.56,60.75,2.53,13.1,11.67,18.01,10.76,34.12,9.4,18.17,17.41,29.37,1 956.5,2 071.8,"492,300,000",237619.4613,1 193.7,1 439.9,210.4,209.8,4.1,2,83,83,156.6,126.4,70,61,88.9,90.5,87.9,69.9,109.4,67.8,0,0,0,0,0,0,0,0,0,0,0,0,1.6,0.9,29.16,28.95,26.76,24.07,20.25,16.3,15.97,16.79,20.21,22.81,26.59,28.33,60.56,73.22,41.87,29.98,14.89,20.02,11.35,21.58,13.61,6.24,31.79,47.09,4 457.7,4 046.9,"940,100,000",232301.2676,1 140.1,1 349.0,348.7,299.1,11.8,3.3,7,2,71.1,23.8,3,1.5,795.4,586.8,313.9,476.7,29.4,22.7,2.7,1.1,0,0,0,0,0,0,0,0.4,0,0,0,0,15.68,15.37,13.28,11.12,9.82,8,6.32,7.01,6.67,8.33,12.39,14.31,67.78,18.96,103.53,116.02,97.49,180.98,159.99,221.16,228.68,90.01,26.93,78.48,7.4,25.3,"6,200,000",245059.2885,8.3,21.2,0.3,0.5,0,0,0,0,1,1,0,0,0.5,0.5,3.9,7.5,3.7,10.2,0,0,0,0,0,0,0,0,0,0,0,0,0,0,29.67,29.5,26.88,26.85,22.43,19.11,18.75,20.92,25.9,26.98,29.85,30.44,178.43,181.3,73.38,11.06,1.14,3.51,1.1,3.49,2.85,5.71,37.7,182.16
2004,28.4,27.9,25.97,23.18,18.23,15.92,14.87,16.1,18.99,24.61,25.86,27.79,91.51,111.89,61.59,21.81,32.31,20.42,17.25,14.97,14.05,14.94,32.98,57.86,13 067.1,26 131.8,4 477.0,10 381.8,1 210.6,1 702.3,200.8,198.9,155,277,353.5,486.1,83.1,103.8,852,1 180.7,1 089.2,2 017.9,445.5,825.9,733.9,2 008.7,198.1,493.7,198.1,349.1,67,553,70.1,395,27,59.8,72.4,56.3,"7,390,000",1893,"3,904", - ,1213, - ,"1,013,000",2720,372,"773,000",1171,660,25.61,26.9,22.46,18.16,12.59,10.82,9.6,11.76,14.32,18.83,21.14,23.45,62.63,44.87,34.64,20.1,25.68,28.63,26.65,35.48,28.84,49.37,56.83,75.7,3 983.4,7 288.2,"1,231,100,000","168,917",951,1 955.2,365.8,437.6,107.6,113.2,15,17,21.6,19.1,0,0,69.1,56.3,449.2,610.2,134.9,294.3,212.3,709.2,97.2,254.2,97.2,179.7,66,550,21.8,177.5,15.3,37.8,26,27.1,18.54,21.28,17.86,14.98,10.62,9.42,7.86,9.69,11.01,14.46,16.35,18.82,28.41,15.31,17.33,32.74,42.11,79.56,60.88,67.43,63.45,29.57,80.44,65.1,1 409.2,3 145.5,"553,800,000",176061.0396,871.6,2 274.5,239.3,384.1,11.3,9.2,50,90,109.9,118,83.1,103.8,28.3,31.8,194.3,507.3,141.1,295.5,1.6,2,0,0,0,0,1,3,0.6,6.6,0,0,0.5,0,29.82,28.94,27.77,24.92,20.79,17.3,16.78,17.74,21.37,26.39,27.68,28.94,178.63,126.55,64.35,31.86,13.94,2.88,3.38,6.47,11.31,14.76,47.26,102.99,789.7,1 109.7,"196,200,000","176,805",151.2,263.1,0,0,73.5,70,0,0,0.5,0.1,0,0,0.3,0.4,9.1,4.9,2.7,1.9,519.3,1 296.3,100.8,239.6,100.8,169.4,0,0,47.7,210.6,11.6,21.9,45.9,29.1,26.86,28.79,24.44,21.08,14.76,13.47,11.79,13.82,16.29,21.85,23.71,25.38,3.72,21.38,6.38,9.87,27.61,39.68,13.69,21.66,20.16,9.13,14.08,15.39,1 959.5,3 490.4,"688,400,000",197226.6789,1 215.9,2 691.1,247.2,353.8,4.3,3.7,83,160,156.5,245.9,0,0,85.7,121.9,88.7,137.4,122.2,153.5,0,0,0,0,0,0,0,0,0,0,0,0,0.1,0.1,29.08,28.33,26.03,23.71,18.55,16.79,15.41,15.95,19.28,25.31,26.16,29.03,53.95,111.51,79.95,26.11,36.9,18.89,26.35,10.76,8.33,8.48,19.4,25.1,4 917.0,11 070.0,"2,166,500,000",195709.1238,1 278.0,3 169.9,358.2,526.6,4.1,2.8,7,10,65,103,0,0,667.2,969.3,343.9,751.5,42.3,73.2,0.7,1.2,0,0,0,0,0,0,0.1,0.3,0,0,0,0,13.36,14.01,12.68,10.48,7.98,7.15,5.65,6.42,8.44,10.08,11.93,14.3,168.64,53.72,49.25,82.05,147.89,240.47,164.01,134.85,100.35,90.66,106.15,69.04,7.7,26.1,"5,400,000",206896.5517,9.3,28,0.1,0.2,0,0,0,0,0,0,0,0,1.5,1,4.1,6.6,2.2,7.5,0,0,0,0,0,0,0,0,0,0,0,0,0,0,30.55,28.67,28.63,26.42,22.51,18.94,18.54,20.13,22.43,28.92,29.92,30.88,139.57,222.93,89.74,5.61,48.14,5.81,0.3,1.41,1.88,4.21,27.51,79.81
2005,28.52,28.02,26.78,25,19.55,16.32,15.67,16.53,20.47,24.09,26.39,28.16,62.73,36.69,36.5,10.31,17.26,43.89,24.23,21.33,18.76,36.62,35.85,50.13,13 399.4,21 905.1,4 645.7,7 739.8,1 377.1,1 542.3,110.2,135.2,194.5,167.5,413.1,289.1,127.3,52.3,844.7,936.9,893.6,1 282.4,389.3,610.1,754.9,2 010.3,320.9,912.3,320.9,645.1,52,339,72.4,419.7,26.6,44.7,47.9,60.7,"20,656,000",303,"68,277", - ,1002, - ,"2,698,000",3016,895,"830,000",1106,751,25.78,24.08,21.48,17.18,14.22,12.16,10.91,11.4,14.46,18.96,22.03,25.06,40.14,38.46,21.45,9.23,13.63,94.45,41.13,29.57,59.9,53.36,63.36,28.63,4 256.3,7 537.4,"1,089,700,000","144,572",1 023.1,1 760.7,434.1,468.3,63.8,88.4,40,70,27.7,14.9,0,0,63.4,55.4,399.9,429.2,126.4,283.7,211.4,846.8,162.8,491.8,162.8,347.8,51,335,25.5,242.1,17.1,32.8,30.9,49.2,20.59,18.53,17.18,16.87,11.63,10.03,9.08,9.77,11.28,14.16,17.19,19.45,39.63,83.31,15.28,19.32,12.52,78.11,58.07,82.88,64.73,73.28,52.81,42.03,1 327.0,1 927.1,"299,700,000",155518.655,924.3,1 305.1,284.2,342.5,15.2,11.2,60,20,141.6,49.9,127.3,52.3,34.9,20.2,149.9,284.5,125.2,200.3,0,0,0,0,0,0,1,4,1,2.2,0.3,0.6,0.2,0,29.08,29.15,27.83,25.9,20.11,18.73,17.74,18.28,22.91,27.19,28.63,30.92,131.63,54.5,38.3,12.24,21.52,55.5,8.64,16.97,5.86,41.79,41.73,43.02,711,1 170.4,"180,400,000","154,135",97.2,177.8,0.3,0.3,26.9,32.5,0,0,0.2,0.1,0,0,0.2,0.4,20.9,9.7,0.1,0.2,543.5,1 163.5,158.1,420.5,158.1,297.3,0,0,45.6,173.5,9.2,11.2,16.8,11.4,27.04,25.76,24.3,23.11,17.21,13.41,12.49,14.1,17.37,21.23,24.02,26.68,9.53,2.8,2.23,3.41,2.67,29.55,27.68,12.89,27.57,39.56,19.82,20.99,1 979.2,2 620.8,"456,600,000",174221.6117,1 280.1,1 979.2,229.6,241.8,0.8,0.6,87,70,143.1,150.2,0,0,69.4,67.7,75.8,89.7,93.4,72.9,0,0,0,0,0,0,0,0,0.1,0.4,0,0,0,0,29.69,29.73,28.62,25.86,21.44,15.99,15.82,16.68,20.17,23.15,26.5,27.58,22.23,23.2,37.07,12.11,28.34,33.82,28.13,25.02,10.59,10.99,15.95,49.81,5 118.3,8 618.9,"1,557,800,000",180742.3221,1 313.4,2 489.2,428.3,488.3,3.5,2.6,7.5,7.5,99.4,72,0,0,676.5,792.2,243,460.3,42.3,46.8,0,0,0,0,0,0,0,0,0.2,1.4,0,0,0,0,14.84,14.09,12.37,12.11,8.95,7.08,7.42,7.71,8.52,11.21,12.63,14.13,67.07,76.63,39.91,91.59,97.29,90.31,144.71,211.23,124.83,193.81,125,174.35,7.4,30.5,"6,500,000",213114.7541,7.6,27.8,0.6,1.2,0,0,0,0,1,2,0,0,0.3,1,4,9.1,1.8,6.2,0,0,0,0,0,0,0,0,0,0,0,0,0,0,30.39,30.04,29.22,28.48,22.46,20,19.54,20.42,26.33,29.34,30.2,31.11,106.94,53.19,71.8,4.66,0.78,18.88,12.49,1.29,5.86,51.9,53.61,90.84
2006,29.12,28.62,26.29,21.6,17.17,14.23,14.51,17.22,20.51,24.39,27.15,27.53,129.6,58.47,91.7,65.62,10.83,12.38,24.93,7.1,12.25,10.38,17.89,40.91,12 442.6,25 150.4,4 405.7,9 481.7,971.7,1 418.9,131.3,149.7,183,329,365.7,584.6,178.2,294.9,808.9,1 285.0,930.3,1 688.0,391.8,829.8,766,1 931.1,335.5,844.4,335.5,597.1,102,1 002.0,67.2,361.9,23.8,50.1,77.5,82,"23,174,000",183,"126,445","78,000",989,79,"4,644,000",2574,"1,804","619,000",1114,556,28.46,26.56,23.45,19.15,11.96,9.59,10.3,11.73,15.91,19.79,22.74,23.99,57.35,30.8,32.8,20.31,7.81,41.06,49.19,16.52,26.46,7.24,33.38,25.96,3 554.1,8 049.0,"1,150,200,000","142,900",1 103.1,2 336.4,194.4,314.3,62.4,72.9,33,70,37.3,56.2,1.1,1.7,36.6,62.3,416.4,633,141.2,374.3,327.4,887.7,214.3,570.6,214.3,403.5,101,992,30.6,211.9,15.5,35.7,68.6,73.4,23.04,20.26,19.5,12.61,10.15,7.71,8.55,9.59,12.27,14.4,17.02,18.8,40.72,19.28,17.2,51.11,47.37,24.15,53.74,27.78,40.29,8.74,25.06,14.87,1 314.6,2 908.9,"465,900,000",160163.6357,866.5,2 003.6,191,272.6,24.3,31.4,55,76,98.8,165.6,115.3,180.1,27.1,36.1,151.3,328.1,121.5,262.2,0.3,0.8,0,0,0,0,1,10,1.9,19.2,0.6,0.9,0.1,0.2,30.89,30.38,27.48,24.14,19.12,17,16.84,18.26,22.26,25.92,28.12,28.63,135.11,62.43,129.31,115.62,19.85,19.71,28.7,3.21,10.86,3.24,20.51,51.61,778.3,1 217.6,"196,100,000","161,055",129.3,166,0.9,0.7,39.2,39.7,0,0,0.9,0.4,0.2,0.1,0.1,0.1,15.6,7.5,1,1.2,436.4,1 038.4,121.2,273.8,121.2,193.6,0,0,34.1,129.1,7.8,13.5,8.4,8.2,30.58,26.39,25.31,18.86,13.77,10.35,11.94,14.86,18.33,21.9,25.55,26.06,27.15,19.93,14.8,14.62,6.37,6.29,29.48,2.29,2.96,4.79,8.08,13.47,2 034.9,3 852.8,"690,400,000",179194.3522,1 169.4,2 547.8,147.5,213.4,1.6,2.2,89,175,143.2,257.7,54.2,102.1,72.4,121.4,72.2,119.6,83,125.6,0.3,0.8,0,0,0,0,0,0,0,0,0,0,0.3,0.2,27.64,27.14,26.54,21.97,18.51,14.81,14.53,18.6,20.99,25,28.11,28.16,146.9,74.91,90.61,35.69,6.21,4.3,15.5,8.39,12.91,19.82,16.99,38.08,4 752.7,9 088.1,"1,768,000,000",194540.1129,1 129.0,2 399.8,437.1,616.7,3.8,3.5,6,8,84.7,102.6,7.4,10.9,672.3,1 064.2,270.6,591.3,43.2,59.6,1.6,3.3,0,0,0,0,0,0,0.5,1.7,0,0,0,0,15.07,14.72,13.76,8.75,7.32,5.96,6.2,7.3,8.47,9.52,10.84,13.02,52.85,46.5,48.73,170.38,113.67,65.78,122.47,85.12,132.26,85.74,47.38,61.22,7.9,34,"6,100,000",179411.7647,8.5,28.2,0.9,1.4,0,0,0,0,0.8,2.1,0,0,0.4,1,4.3,8.5,1.9,6.9,0,0,0,0,0,0,0,0,0,0,0,0,0,0,30.62,29.98,28.27,25.27,19.73,16.75,17.4,20.11,24.06,28.26,30.73,30.67,230.83,75.7,153.92,120.74,1.56,0.19,9.59,0.11,0.26,4.61,11.24,65.76
2007,28.16,27.66,26.26,23.2,20.07,13.74,14.87,17.09,20.47,24.16,26.22,27.3,106.89,50.36,94.76,18.89,22.24,37.35,12.5,13.5,8,15.97,38.62,76.57,11 797.9,10 821.7,4 178.8,4 257.0,1 051.8,573.3,284.1,229.2,186.6,107,383.8,140.3,207.5,31.8,736.4,470.3,999.5,748.3,368.5,199.3,613,1 282.1,143.6,387.8,143.6,301.4,20,163,48.6,239.4,12.7,25.5,18.8,15.6,"773,000",2,"317,509","518,000",694,746,"158,152,000",1608,"98,380","13,403,000",878,"15,266",26.09,26.59,23.52,19.22,15.61,9.16,9.51,13,15.08,19.69,22.26,23.75,46.22,49.11,48.03,32.29,51.01,62.39,16.75,32.69,8.93,28.99,73.92,95.76,3 595.8,2 567.7,"560,300,000","218,211",901.7,753,282.8,54.4,176.1,160.5,38.1,54.3,42.4,4.7,0.2,0.1,73.6,15.5,390.1,114.6,166,67.3,162.1,384.9,108.7,311.1,108.7,241.8,20,161,20.4,143.2,10,20.1,13.5,12.9,21.86,23,19.07,15.89,13.45,8.01,8.01,10.32,11.53,14.45,18.55,20.08,55.89,30.98,37.27,41.34,74.1,72.46,75.23,30.66,36.1,23.67,76.64,63.91,1 347.3,879.3,"193,300,000",219833.9588,913,604.5,178.5,42,42.4,5.5,61.2,5,102,7.8,122,5.4,43.3,11.2,176.1,134.2,94.3,53.1,0.5,0.2,0,0,0,0,0,2,0.3,2.5,0,0,0,0,29.06,28.3,28.3,24.55,22.74,15.26,15.49,19.09,22.29,26.58,27.07,28.73,152.52,118.26,68.75,9.47,14.68,76.58,0.79,16.07,9.42,23.71,59.87,114.45,638,776.7,"169,400,000","218,102",80.5,79,2,0.7,60.4,60.6,1.6,2.4,0.6,0.5,0,0,0,0,24.4,3.6,0.5,0.7,449.2,896.4,34.9,76.7,34.9,59.6,0,0,27.2,92.4,2.7,5.4,5.3,2.7,27.35,29.4,24.75,21.53,17,10.29,12.53,14.62,17.99,21.49,24.51,26.18,47.11,4.15,33.66,18.95,21.52,5.97,8.86,5.07,4.27,10.61,18.13,31.36,2 172.5,1 446.0,"311,000,000",215076.0719,1 193.2,996,177,84.2,3.4,1.1,80.5,41.8,163.4,74.5,83.9,25,89.3,34.2,106.4,51.5,71.2,38.9,0,0,0,0,0,0,0,0,0,0,0,0,0,0,28.64,30.91,26.09,23.81,19.68,15.09,16.49,17.27,20.89,23.94,27.26,27.25,72.84,16.51,120.49,24.62,11.92,16.92,19.28,7.77,6.37,8.27,13.1,51.98,4 037.0,5 134.3,"1,126,500,000",219406.7351,1 083.0,1 808.4,410.6,391.6,1.7,1.5,4.8,2.6,75.2,52.4,1.3,1.3,529.8,409.1,299,441,34.9,35.8,1.2,0.6,0,0,0,0,0,0,0.7,1.2,0,0,0,0,15.53,17.21,13.79,11.71,10.86,5.08,5.91,7.52,8.28,9.69,13.28,14.7,107.88,31.38,87.32,38.28,209.78,51.81,97.79,186.91,133.01,139.06,19.85,111.78,7.2,17.7,"4,300,000",242937.8531,7.5,16.2,0.9,0.4,0,0,0.6,0.9,0.2,0.4,0,0,0.3,0.4,3.6,3.4,1.6,3.4,0,0,0,0,0,0,0,0,0,0,0,0,0,0,29.64,30.3,28.36,26.21,24.23,15.94,17.65,19.98,24.88,28.42,28.99,30.75,203.2,65.16,165.65,7.16,16.3,25.75,0.05,3.97,0.52,9.05,46.89,96.04
2008,29.25,28.75,26.18,21.82,18.55,16.24,14.85,15.25,20.68,24.45,25.48,27.41,70.82,110.3,37.47,13.8,7.86,22.27,23.54,12.56,18.42,13.75,62.38,78.25,12 578.2,13 569.4,4 901.8,7 160.2,1 277.1,1 214.4,306,313,132.5,138,292.5,267.5,129.5,131.2,752.2,661.9,1 237.8,1 502.3,359.7,450,941.3,3 789.9,62.7,187.8,62.7,132.8,2.1,17.6,68,387,14.9,34.7,48.4,73,"41,998,000",231,"181,523","71,022,000",712,"99,726","357,655,000",2728,"131,115","92,289,000",791,"116,625",25.8,22.64,22.14,17.84,13.68,12.29,9.92,9.9,15.4,19.62,21.03,23.28,73.56,72.75,22.86,27.11,13.06,44.68,28.4,26.13,41.64,31.05,81.89,55.17,4 008.9,2 477.1,"825,507,651","333,256",1 049.0,814.3,310.3,78.5,214.5,201.5,9.5,8.5,45.5,9.5,0.2,0.1,80.2,29.3,464.4,193.2,125.3,183.7,279.2,1 269.5,41.2,131.3,41.2,92.8,2.1,17.6,20,176,6.9,13.8,28.3,41.1,22.29,19.43,20.14,13.84,11.25,10.58,8.01,8.33,11.77,14.93,16.33,17.6,40.39,27.73,22.03,20.8,37.41,33.14,73.34,61.61,32.01,14.59,71.08,73.73,1 514.0,1 995.3,"645,773,655",323647.3989,1 106.9,1 789.2,195.7,220.5,17,19,34,32,67,60,69,62,48.3,30.6,210.5,334.7,110.9,147.5,0.1,0.1,0,0,0,0,0,0,1,7,0,0,0,0,28.77,27.63,25.99,22.34,19.59,18.42,16.43,17.19,22.77,26.18,28.12,29.97,159.12,175.28,48.15,5.59,7.94,19.75,38.44,5.03,26.35,15.64,75.99,77.72,668.9,953.9,"331,409,707","347,426",112.9,142.8,2.3,0.3,66,83,0,0,0,0,0,0,0.8,1.2,20.3,11.8,1.2,0.9,661.2,2 518.8,21.4,56.5,21.4,40,0,0,45,198,8,20.9,20.1,32,28.78,25.34,25.52,19.59,15.99,13.06,12.18,11.52,17.82,21.98,22.88,25.17,3.51,7.66,3.04,7.02,7.69,17.9,12,18.92,4.32,2.84,42.52,52.23,2 120.8,2 296.0,"868,597,362",378308.9556,1 244.3,1 672.4,173,161.9,7.7,9.3,87,95,130,143,60,69,76.5,67,141.6,115.3,85.9,73.9,0,0,0,0,0,0,0,0,0,0,0,0,0,0,30.42,27.71,27.46,23.62,20.02,16.36,15.45,15.89,20.87,24.65,24.91,27.65,35.23,98.07,40.32,19.91,5.61,21.22,21.2,8.76,11.57,13.08,43.76,66.61,4 258.2,5 820.2,"2,281,420,830",391983.236,1 380.9,2 719.4,595.1,752,0.8,0.2,2,2.5,50,55,0.3,0.1,546.1,533.1,396.8,839.5,34.3,38.5,0.8,1.6,0,0,0,0,0,0,2,6,0,0,0,0,15.98,13.69,13.97,10.76,9.17,7.84,5.34,6.21,7.85,10.47,11.36,12.29,20.03,94.32,70.22,79.98,82.12,107.15,121.84,112.13,164.96,59.12,118.25,106.28,7.1,26.8,"9,480,628",353754.7761,7.8,22,0.8,1.1,0,0,0,0,0,0,0,0,0.2,0.6,4.2,7.9,2.1,5.5,0,0,0,0,0,0,0,0,0,0,0,0,0,0,31.96,29.61,28.42,24.9,21.32,19.35,18.33,19.14,25.46,28.83,30.26,30.58,78.94,163.85,54.1,5.39,0.15,10.9,0.55,3.05,7.72,7.65,78.47,134.5
2009,28.46,27.96,26.22,22.89,18.17,15.96,15.33,18.66,20.42,23.24,27.43,28.08,125.54,86.81,28.18,24.73,18.55,22.55,14.72,10.99,14.81,12.9,28.72,64.19,13 530.2,21 420.1,5 015.0,7 996.5,1 692.6,1 844.2,338.2,442.5,125.3,134.7,299.8,238.1,117,64.2,577.2,707.8,870.2,1 160.0,322.8,362.8,766.9,2 691.4,164,465.5,164,329.2,7.2,60.9,64.6,375.7,42.3,80.1,51.8,55.3,"189,371,000",745,"254,120","217,615,000",826,"263,493","725,702,000",2854,"254,315","298,561,000",1110,"269,091",26.66,25.59,22.59,18.29,13.92,11.68,10.49,13.15,15.42,17.99,25.52,24.56,24.29,67.99,30.27,52.02,45.21,53.11,22.16,11.31,27.7,39.04,37.62,75.01,4 322.2,6 963.3,"1,656,704,018","237,919",977.5,1 449.4,299.8,227.5,199.3,291.8,28.9,35.1,29.1,16.5,0.1,0,44.3,37.3,273.4,260.6,109.5,151.8,226.8,918.6,88,252,88,178.2,7.2,60.9,14.4,115.1,23.4,38.7,33.8,35.8,21.77,21.72,18.38,14.28,11.65,9.41,8.84,10.57,11.89,13.63,20.61,19.72,6.84,5.38,30.15,48.16,27.97,51,67.75,67.43,78.42,45.88,70.23,33.06,1 533.6,1 755.7,"464,816,419",264747.0633,1 136.1,1 461.4,284.7,233.2,44,16.9,36.3,27.1,68,25.3,71.3,24.7,35.9,17.8,190.8,236.3,90.5,88.9,1.7,1.2,0,0,0,0,0,0,0.4,3,0,0,0,0,28.05,27.86,27.23,24.31,20.13,17.86,16.69,21.14,22.76,24.78,28.55,29.58,267.34,168.86,28.15,41.19,20.27,15.98,1.15,0.89,4.78,13.25,31.02,90.56,1 019.9,2 016.0,"473,366,942","234,805",91.9,173,2.7,2.1,85.5,126,0,0,0,0,0,0,0.1,0.2,7.3,7,0.2,0,538.2,1 770.6,76,213.6,76,151,0,0,49.3,254.9,18.9,41.4,17.4,19.5,28.5,28.28,24.63,19.98,14.83,13.13,12.98,16.03,17.73,20.2,26.1,25.92,4.3,1.4,18.91,15.85,14.52,18.17,19.27,11.57,22.47,10.78,38.17,23.3,2 103.9,2 376.1,"561,487,204",236306.2178,1 240.1,1 876.8,184.2,204.1,6.1,3.9,57.6,68.5,121.1,113.9,45.4,39.2,52.6,52,100,81.3,67.7,47.7,0,0,0,0,0,0,0,0,0,0,0,0,0,0,29.89,28.92,26.91,24.09,18.85,16.19,15.74,18.31,19.85,24.32,27.3,29.05,77.63,59.14,32.27,11.2,9.67,24.36,17.99,10.28,10.71,5.56,20.68,44.77,4 541.9,8 274.0,"2,355,973,366",284744.1825,1 558.8,3 007.4,919.5,1 175.1,3.3,4,2.3,3.6,81.2,81.7,0.3,0.3,444.4,600.5,294.9,568.3,52.6,69.7,0.2,1,0,0,0,0,0,0,0.3,2.1,0,0,0.5,0.1,14.8,14.56,13.6,10.87,9.13,7.26,6.33,8.05,8.69,9.8,13.53,13.72,66.44,59.45,105.65,110.49,108.92,134.05,189.33,306.7,172.26,63.81,87.16,81.45,8.6,34.9,"9,834,151",281780.8309,10.6,28.5,1.7,2.1,0,0,0.2,0.5,0.3,0.8,0,0,0,0,3.7,6.5,2.3,4.7,0,0,0,0,0,0,0,0,0.1,0.5,0,0,0,0,29.17,28.93,28.77,26.36,21.26,19.33,19.03,23.26,25.89,26.85,30.44,30.49,207.8,122.96,21.99,10.26,13.59,1.64,0.54,0.76,3.26,3.5,18.23,95.03
2010,28.71,28.21,25.94,23.74,18.68,15.53,15.49,16.09,19.29,22.39,24.89,26.67,100.46,101.05,62.17,41.01,30.81,11.51,35.45,28.23,46.75,55.27,60.67,110.32,13 881.1,21 834.0,4 421.6,7 864.6,1 694.9,1 907.3,429,487,129,217.3,285.1,356,104,143,691.6,822.6,850,1 161.5,349.7,545,497.9,1 507.6,208.3,547,208.3,386.8,18.9,196.7,59,328,31.3,59.6,26.6,41,"144,428,000",530,"272,324","367,297,000",1197,"306,926","1,131,585,000",3892,"290,714","407,813,000",1175,"347,210",26.38,24.95,21.97,17.67,13.68,10.67,10.17,10.4,14.06,17.4,20.21,22.25,43.02,115.44,75.75,32.96,46.29,27.64,64.58,45.28,52.6,100.99,107.18,106.6,3 982.6,5 349.8,"1,037,100,000","193,858",950.7,1 236.2,297.8,281.3,252.3,303.8,44.5,64.8,46.1,33,0,0,102.1,83.7,306.9,210.9,121.8,222.5,163.6,581.4,123.8,361.9,123.8,255.9,18.4,194.5,20,172,17.2,41.7,18.9,31.4,21.58,22.4,19.1,15.89,11.46,8.79,7.98,8.51,10.37,13.91,16.87,18.42,32.84,64.45,67.55,52.58,49.71,50.65,48.89,116.79,69.36,101.39,91.44,107.1,1 801.1,2 994.9,"589,800,000",196934.7891,976.3,1 864.5,231.2,331.4,38.7,25.2,22,35,52,75,52,50,36.2,33,168.4,300.1,107.9,178.6,0,0,0,0,0,0,0,0.3,1,6,0.6,1.5,0,0,28.58,27.7,25.86,24.75,20.19,17.4,18.24,18.28,22.76,24.23,25.36,27.29,185,192.17,118.39,60.92,16.13,4.59,28.08,34.01,72.47,59.33,121.75,220.49,961.7,1 346.3,"267,700,000","198,841",68.5,113.1,2.8,1.2,124.9,145.8,2,2.5,0,0,0,0,0.2,0.3,11.6,6.6,1.1,1,333.4,926.2,84.5,185.1,84.5,130.9,0.5,1.9,37,146,13.5,16.4,7.7,9.6,28.29,27.43,24.33,21.24,15.55,11.99,11.46,12.2,15.08,18.91,22.31,25.02,14.74,43.27,20.86,25.12,26.6,9.64,27.14,29.92,52.37,49.99,29.94,31.12,2 122.4,4 001.3,"748,700,000",187114.1879,997.4,2 068.2,180.5,259.9,9.8,9.4,57,110,127,183,52,93,53.1,74.3,96.2,144,83.6,89.6,0,0,0,0,0,0,0,0,0,0,0,0,0,0,30.06,30.1,27.91,25.24,19.65,16.55,15.54,16.73,18.99,23.24,26.84,28.11,46.15,27.69,26.4,19.91,31.49,11.08,31.26,17.37,25.17,24.42,14.44,57.72,5 005.9,8 114.1,"1,676,500,000",206615.6444,1 419.8,2 553.7,981.4,1 031.3,3.3,2.9,3.5,5,60,65,0,0,500.1,631.1,263.3,493.3,33.4,46.6,0.9,0.1,0,0,0,0,0,0,1,4,0,0,0,0,15.18,16.06,14.8,12.38,8.57,6.66,6.49,6.59,7.55,10.24,12.08,13.03,32.53,67.91,103.73,116.94,92.91,125.75,104.8,182.92,174.11,109.91,126.48,121.16,7.2,27.3,"6,500,000",238095.2381,8.8,28.8,1.3,2.2,0,0,0,0,0,0,0,0,0,0,3.7,6.6,2,6.7,0,0,0,0,0,0,0,0,0,0,0,0,0,0,29.98,29.61,27.49,26.79,22.32,18.39,19.77,20.11,24.17,25.93,27.57,29.46,207.78,163.08,75.84,66.17,36.07,0.46,35.54,6.4,35.9,73.42,53.76,127.2
2011,28.86,28.36,24.79,21.64,16.81,14.59,15.11,17.15,19.4,23.36,25.83,26.83,110.45,142.42,146.64,38.38,15.82,20.15,20.3,16.05,12.82,36.05,62.29,75.33,13 501.8,27 410.0,3 681.0,7 994.7,2 077.5,2 358.7,653.1,513.4,162.6,324.4,317.5,394.7,218.8,379.7,755.8,807.7,826,1 127.7,187.2,355.1,633.1,1 934.5,590.2,1 269.4,590.2,925.7,75.8,723.3,62.2,356.9,17.4,29.8,37.2,42.5,"457,279,000",1872,"244,289","627,738,000",2343,"267,945","1,147,873,000",4066,"282,322","395,157,000",1293,"305,618",26.13,25.34,21.8,17.5,12.16,10.74,9.85,12.93,15.07,18.02,22.41,21.75,85.58,86.52,69.52,32.7,33.75,36.4,23.62,40.69,42.47,39.97,101.67,72.81,3 814.7,10 488.4,"2,257,000,000","215,190",878,2 193.6,478.6,805.2,403.6,307,32.9,64.7,24.4,25.8,0.9,0.6,127.8,252.3,321.2,468.6,71.8,174.8,196.6,748.1,347.7,805.2,347.7,587.2,75,716.3,23.2,171.1,13.2,21.4,25.8,32,21.39,20.52,17.63,14.19,10.48,9.29,8.56,10.69,11.95,14.47,18.07,18.89,119.3,106.87,59.03,42.3,46.95,47.64,70.6,62.63,48.8,52.54,82.43,46.59,1 793.1,4 412.4,"980,800,000",222282.658,801.6,1 944.9,323.5,476.2,35.8,50.1,63,104.2,78.2,104.7,110.3,155.6,42.1,64.5,165.9,237,38.3,73,0.5,1.8,0,0,0,0,0.2,2.4,1.6,11.6,0.2,0.6,0.9,0.6,28.76,28.45,26.05,22.81,18.01,15.92,16.02,18.42,21.25,25.27,28.23,27.38,149.53,137.04,222.38,38.11,12.15,14.5,10.29,11.69,9.24,31.99,58.78,128.66,905.5,1 523.6,"337,400,000","221,449",94,146.2,1.8,2.4,199.2,138.9,0.5,0.6,0.4,0.3,0,0,0.1,0.1,13.6,7.3,0.5,1.2,434.8,1 182.8,242.5,464.2,242.5,338.5,0.4,2.3,37,171.5,3.9,7.8,10.2,9.6,29.6,26.76,22.74,19.23,14.29,12.37,12.63,14.96,17.53,20.64,24.36,25.89,25.16,90.85,59.55,6.09,16.41,11.21,21.46,12.14,7.9,30.31,32.47,28.24,2 340.6,5 948.7,"1,603,500,000",269554.6926,795.4,2 122.4,216.4,359,8.1,14.1,60.4,150.1,111.2,196,106.1,222,63.7,93,67,124.6,51.5,85.6,0.1,0.3,0,0,0,0,0,0,0.2,1.2,0,0,0.3,0.4,29.79,27.48,25.71,23.38,18.16,15.45,16.16,17.65,19.35,23.55,25.59,28.16,96.23,150.35,99.87,39.19,15.68,22.1,26.12,12.87,8.04,36.02,42.51,47.14,4 639.5,5 004.6,"1,306,000,000",260959.9169,1 101.1,1 548.6,1 056.6,714.9,6.4,3.3,5.6,4.5,103.1,67.1,1.5,1.5,522.1,397.5,254.9,283.3,24.5,18.9,1,1.5,0,0,0,0,0.2,2.2,0.2,1.6,0,0,0,0,15.27,13.93,12.81,11.24,8.02,6.9,5.67,8.87,8.61,9.95,12.39,14.14,122.81,94.95,124.2,95.5,74.76,174.07,152.63,164.04,117.79,103.68,138.07,56.59,8.1,31.9,"7,000,000",219435.7367,10.9,39.1,0.7,1.1,0,0,0.2,0.3,0.3,0.8,0,0,0.1,0.2,3.4,7,0.5,1.5,0,0,0,0,0,0,0,0,0,0,0,0,0,0,30.29,28.34,26.35,23.5,19.22,16.51,18.61,20.16,23.27,27.87,28.51,29.7,163.58,216.61,265.78,61.61,1,8.26,4.25,0.1,0.53,37.18,95.31,101.65
2012,28,27.5,24.67,22.36,17.67,14.67,14.12,16.48,20.37,23.69,26.99,28.39,97.21,70.65,113.45,18.74,16.7,24.97,19.36,8.83,9.79,10.3,32.01,49.83,13 902.1,29 905.0,3 718.1,8 220.9,2 460.8,3 427.3,456.1,673.4,151.4,268.1,248.9,342.5,172.8,288,689.1,981.5,731.1,1 262.0,144.6,284.6,658.3,2 234.9,600,1 732.0,600,1 224.6,103.1,918.7,69.3,448.9,33.2,52.3,24.9,28.5,"356,683,000",1235,"288,714","448,565,000",1496,"299,882","1,394,898,000",4424,"315,281","388,530,000",1178,"329,735",24.47,23.27,20.63,16.33,12.53,10.36,9.93,10.91,14.79,18.04,22.94,24.99,90.66,104.73,120.37,24.95,22.24,39.47,44.14,14.21,18.57,15.64,35.25,34.47,3 868.4,8 472.9,"1,379,600,000","162,825",672.9,1 425.0,729.2,1 091.9,243.5,361.1,42.8,67.4,40.5,61.9,0.8,1,78.6,84,236.3,257.6,51.9,129.3,221.1,814.3,358.1,1 065.0,358.1,753.1,101.9,912.3,21.1,206.9,21.4,31.3,11.5,16.9,21.74,20.88,17.48,15.06,10.9,8.5,8.49,9.1,11.85,13.66,17.84,19.57,32.77,54.74,101.29,30.29,48.85,79.66,65.71,66.16,44.28,34.65,30.45,31.5,1 668.9,3 943.3,"778,000,000",197296.1301,831.2,2 005.1,477.4,688.6,47.9,71.6,49,99,38,60,77,125,45.7,42.1,131.1,234.1,35.7,74.9,1.2,2.8,0,0,0,0,0.8,6.1,4.2,20.9,0.3,0.8,1.7,0.4,28.81,27.66,25.72,23.45,19.33,16.07,16.24,17.73,22.11,24.82,28.51,29.87,148.99,112.75,174.94,22.96,31.68,32.89,34.85,2.94,6.13,14.56,26.99,47.22,953.2,1 886.3,"358,700,000","190,160",80,191,1.3,1.4,148.9,220.9,2,3.3,0,0,0,0,0.5,0.6,17.9,22.8,1.1,2.4,435.5,1 416.3,241.1,664.9,241.1,470.2,0.3,0.2,42.9,216.9,11.5,20.2,11.5,10.9,27.81,25.81,22.88,20.36,14.67,11.68,10.91,13.42,17.61,21.46,25.92,27.22,19.95,31.77,35.6,7.4,9.04,20.13,12.59,7.61,4.22,3.45,9.2,10.16,2 249.1,4 524.8,"985,900,000",217887.939,881.2,1 815.5,283.2,412.8,11,14,55,95,110,150,95,162,63.2,72.8,55,78,32,40.8,0,0,0,0,0,0,0,0,0.9,2,0,0,0,0,28.04,28.21,25.75,23.58,18.92,15.81,14.45,17.72,21.07,24.9,26.86,28.8,106.52,40.48,79.69,9.1,5.88,21.56,6.41,6.88,7.45,7.31,35.5,56.92,5 155.8,11 045.1,"2,654,800,000",240359.8263,1 246.3,2 761.1,969,1 231.9,4.7,5.8,2.5,3.5,60,70.6,0,0,500.9,781.9,287.5,662,23.2,35.7,0.5,1.5,0.8,2,0.8,1.3,0.1,0.1,0.3,2.3,0,0,0.2,0.4,15.91,15.64,13.43,12.05,8.99,6.61,6.12,6.9,8.33,9.92,12.53,13.66,73.81,51.4,113.7,105.55,171.6,131.63,94.42,168.89,173.01,75.8,64.59,88.55,6.6,32.3,"7,500,000",232543.7182,6.5,23.1,0.7,0.8,0,0,0.1,0,0.4,0,0,0,0.1,0.1,3.4,7.6,0.6,1.5,0,0,0,0,0,0,0,0,0,0,0,0,0,0,30.89,29.22,26.68,25.03,20.36,17.04,16.97,19.89,24.62,27.35,30.99,31.18,85.97,84.39,153.1,29.96,6.7,0.9,1.52,0.06,3.83,4.77,45.87,80.56
2013,29.83,29.33,26.51,23.47,19.38,16.03,16,17.82,22.06,24.37,26.13,27.92,68.77,60.99,65.92,20.09,34.7,30.3,18.98,11.58,13.75,11.77,42.9,42.86,12 979.2,22 855.2,3 644.3,7 471.4,3 271.5,4 141.6,573.6,813.3,202.9,377.2,280.5,319.7,165.4,184.7,450.2,458.7,728.6,1 121.1,99.2,171.2,646.7,2 229.0,442,1 439.3,442,1 017.0,113.6,1 161.1,78,505.9,47.7,69.5,32.7,37.9,"483,699,000",1491,"324,412","309,357,000",910,"339,838","1,194,492,000",3720,"321,111","319,032,000",882,"361,691",27.56,24.96,22.3,18,14.02,11.34,11.43,12.48,17.34,18.67,20.99,24.41,59.3,69.69,56.44,15.35,32.2,74.65,29.59,13.38,30.23,12.92,43.64,24.83,3 487.4,7 364.9,"2,093,540,000","284,260",618.9,1 286.3,1 025.3,1 494.7,280.3,379,54.4,123.4,53,65.7,0.7,0.5,57.7,63.2,233.8,275.5,33.3,70.2,214,747,283.5,949.3,283.5,671,113,1 157.6,34,261,36.6,50.1,19.7,27,21.56,22.33,20.1,15.27,11.54,9.48,9.3,10.36,13.49,13.69,15.65,19.51,8.34,43.9,31.55,20.82,45.02,96.07,74.35,88.15,60.68,57.9,37.29,40.24,1 591.9,3 422.9,"957,740,000",279806.5363,854.1,1 952.2,589.2,866.2,49,52.2,67,126.3,52,65,77,80,29.2,26.3,117.1,233.2,21.6,49.9,1,4,0,0,0,0,0.5,3.5,3,28,0.3,1.1,1.7,0.5,30.95,28.38,27.23,24.13,20.84,17.94,18.51,19.4,24.46,26.76,27.92,29.6,138.06,73.96,81.83,34.26,29.42,6.91,9.33,0.78,3.85,8.93,70.83,27.51,865.9,1 614.0,"462,920,000","286,822",89.7,170.2,0.7,0.7,218,356.6,0,0,0,0,0,0,0,0,48,14.4,0.1,0.2,431,1 475.0,158.5,489.9,158.5,346,0.1,0,40,213,10.8,18.4,10.8,9.9,28.85,27.43,25.14,21.2,17.76,12.87,12.96,15.38,20.56,20.99,23.38,26.6,1.98,14.53,23.52,9.84,27.21,33.09,27.78,10.51,8.45,5.15,9.22,17.6,2 118.7,3 679.0,"1,085,320,000",295007.1243,861.4,1 794.4,335.9,415,20.3,21.5,78,121.6,113.5,130,86.7,103,60.5,74,67.9,88.4,28.5,38.3,0,1,0,0,0,0,0,0,0,0.9,0,0,0,0,29.98,29.14,27.05,25.38,19.83,16.13,15.71,18.15,21.11,24.94,27.05,28.36,56.75,66.31,54.37,14.45,41.47,37.95,16.7,10.53,16.03,9.62,24.53,53.34,4 909.2,6 744.1,"2,047,130,000",303545.8637,1 215.0,2 251.7,1 319.8,1 364.2,6,4,3.5,5.9,62,59,1,1.2,302.8,295.2,258.2,502.3,15.2,12,0.7,2,0,0,0,0,0,0,1,3,0,0,0.5,0.6,15.11,15.97,15.58,10.83,8.75,7.35,7.19,7.11,9.32,9.89,11.1,13.53,51.63,43.51,101.93,82.35,104.01,72.53,188.85,298.69,152.81,191.33,129.07,90.9,6,30.4,"8,790,000",288764.7832,5.1,16.5,0.6,0.9,0,0,0,0,0,0,0,0,0,0,3.7,7.4,0.4,0.7,0,0,0,0,0,0,0,0,0,0,0,0,0,0,32.29,30.1,29.55,26.4,23.28,20.16,19.9,21.96,27.16,28.64,30,30.46,67.94,67.2,109.02,19.65,30.8,3.34,4.86,0.14,1.22,7.08,62.77,71.51
2014,28.96,28.46,26.5,23.41,19.94,15.66,14.81,16.28,20.53,24.85,27.47,28.24,95.35,109.95,43.23,40.55,21.83,16.06,14.66,15.01,12.34,9.58,26.6,68.22,12 613.1,25 302.7,3 814.0,9 174.2,2 720.7,3 831.9,507.8,629.4,152.1,327.7,244.5,342.1,169.7,254.5,387.4,625.6,714.7,1 254.7,79.9,125.6,532,1 282.3,392,1 251.6,392,885.1,74.9,819.3,52.3,389.5,24.9,31.9,17.1,18.2,"322,058,000",930,"346,251","352,250,000",1048,"336,114","1,402,753,000",4377,"320,447","304,956,000",904,"337,272",26.73,26.12,22.51,18.21,15.03,11.44,10.06,11.31,14.9,20.18,23.82,24.87,19.49,49.67,84.35,45.88,23.11,40.96,14.88,51.33,24.87,15.37,22.45,75.95,3 269.4,6 595.6,"1,711,260,000","259,454",715.2,1 485.5,672.9,922.4,219.8,250.6,28.6,70.6,50,52.6,0.7,0.7,57.2,56.9,267.9,283.3,28.2,54.7,175.4,419.3,256,830.9,256,587.6,73.5,811.8,22.2,209.3,19.8,24.1,10.7,13,22.59,21.89,18.98,15.16,12.99,10.01,8.58,8.97,12.19,15.48,17.57,19.37,21.47,21.14,39.04,81.38,48.66,86.18,55.09,31.75,45.39,29.37,41.45,45.75,1 535.8,3 395.9,"1,018,360,000",299879.9726,918.7,2 035.8,439.4,710,48,49.5,58.5,126.6,51,68,79,111.5,28.2,29.3,105.7,213.1,15.8,31.8,0.2,0.5,0,0,0,0,0.6,7,3.4,38.1,0.2,0.6,0.8,0.3,30.33,28.16,27.3,25.7,21.49,17.94,16.32,18.03,21.79,26.09,29.9,29.92,82.25,177.56,81.37,33.72,8.33,16.47,2.13,21.36,14.45,6.01,20.35,95.14,758,1 036.5,"305,300,000","294,563",105.8,179.5,2.3,0.9,216,296.3,0,0,0,0,0,0,0,0,23.3,3,0,0,355.6,860.4,136,420.7,136,297.5,0.7,0.2,26.2,137.2,4.9,7.3,4.9,3.9,29.13,27.35,24.86,20.71,17.84,12.74,12.18,12.97,17.92,22.83,25.47,26.41,11.44,34.11,4.79,49.17,26.48,14.69,13.88,6.31,7.73,1.97,12.33,14.14,1 926.9,4 254.3,"1,308,040,000",307462.0979,810.5,1 892.3,297.3,419.4,19,27,61,121.3,111.5,184.4,89,141,56,78,53.7,82.2,21.2,20,0,0,0,0,0,0,0,0,0,0,0,0,0,0,28.88,28.01,27.87,23.88,20.36,15.76,15.28,17.74,21.69,25.6,27.14,28.72,116.24,77.92,15.12,32.03,33.1,7.31,20.75,6.59,10.06,12.98,31.08,37.67,5 114.9,9 976.9,"3,057,240,000",306430.5983,1 257.9,3 555.7,1 307.5,1 776.6,5,6,4,9.2,32,37.1,1,1.3,246,461.4,259.8,661.4,14.1,17.5,0.7,1.9,0,0,0,0,0,0,0.5,4.9,0,0,0.7,1.1,15.3,15.72,14.46,11.2,9.49,7.64,6.99,7.33,9.11,10.39,11.83,14.26,57.31,58,82.25,112.27,118.74,104.82,174.5,85.44,89.07,115.69,63.49,89.05,8.2,43.5,"11,120,000",255726.2441,6,25.4,1.2,2.5,0,0,0,0,0,0,0,0,0,0,4.3,11.7,0.6,1.6,0,0,0,0,0,0,0,0,0,0,0,0,0,0,30.31,28.03,28.21,26.76,23.69,18.65,18.28,18.36,24.43,28.39,31.29,31.07,198.1,194.49,48.66,45.34,4.48,1.13,5.2,0.25,0.09,1.33,35.25,129.72
2015,28.03,27.53,26.6,21.63,18.05,16.55,14.92,16.8,19.47,25.83,27.45,28.31,111.7,41.18,45.78,27.8,22.75,20.11,15.99,17.11,6.24,11.08,34.28,82.72,12 383.7,23 742.6,4 078.0,8 646.3,2 897.0,3 540.0,424.8,555.4,163.9,283.8,237,290.4,189,242.1,443.1,549.1,854.4,1 198.0,81.5,143,732.7,2 210.2,197,746.3,197,527.8,69.7,690.4,59.6,494.6,20.2,37.4,25.4,30.4,"425,066,000",1366,"311,141","406,651,000",1203,"337,964","1,127,079,000",3648,"309,000","324,055,000",899,"360,439",24.89,25.98,22.55,18.25,13.87,10.75,9.29,11.19,13.97,22.02,22.96,25.04,93.45,32.51,19.45,74.92,44.03,49.5,38.33,38.88,15.87,25.46,65.51,43.82,3 166.0,6 653.7,"1,777,205,738","267,102",882.3,1 868.9,699.1,1 013.7,209.3,282.2,32.7,76.8,51,66.2,0.6,0.5,55.9,65.5,362.2,350.4,29.4,67,184.1,586.3,124,472.3,124,334,69.3,687.6,23.4,245.8,13.4,25.7,10.7,17.1,20.83,22.39,17.23,13.8,11.39,8.7,7.6,8.94,11.27,17.63,17.71,21.48,64.87,27.89,17.23,61.59,48.7,42.26,62.06,49.79,34.06,18.74,44.53,27.72,1 492.7,2 631.3,"714,606,373",271579.1059,916.1,1 373.8,483.3,558.7,26.4,52.2,62.4,112,51.2,65,86.2,80,31.9,26.3,133.2,179.5,15.8,32.5,0.2,0.5,0,0,0,0,0.2,2.3,4.8,58.9,0.2,0.5,0.9,0.2,29.18,29.56,29.01,23.71,20.55,19.06,16.94,18.65,21.54,26.55,29.29,29.45,136.05,64.3,50.44,21.09,14.64,22.39,6.6,8.84,4.1,13.78,42.05,108.17,633.5,986.9,"296,662,409","300,614",125.5,253.2,0.9,0.4,165,201,3,4.9,0,0,0,0,0,0,65.3,14.8,2.2,2.5,546.7,1 618.4,73,274.1,73,193.8,0,0,30.7,183,6.6,11.3,9.4,8.8,26.58,28.83,23.88,18.3,14.93,12.83,11.42,13.68,16.2,24.69,25.27,27.94,45.66,2.45,3.24,19.86,22.44,16,11.54,17.43,7.15,3.82,19.27,22.71,2 045.0,4 602.1,"1,242,575,577",270002.6264,840.4,1 941.0,315.7,324.5,21.1,16,61.8,83.4,110.3,127,102.2,161.6,68.3,75,56.8,89.4,16.3,18,0.1,0.8,0,0,0,0,0,0,0,0,0,0,0,0,29.37,30.7,26.88,22.36,18.24,17.35,15.93,17.62,20.4,26.42,27.87,28.82,71.93,32.41,72.33,27.32,24.29,14.2,17.76,16.77,3.38,9.91,24.48,37.94,5 038.1,8 824.4,"2,537,478,176",287552.1623,1 308.5,3 192.5,1 397.0,1 640.9,3,4,4,6.7,24.5,32.2,0,0,287,382.3,233.2,557.6,17.4,21.8,1.5,4,0,0,0,0,0,0.2,0.6,6.6,0,0,4.4,4.2,14.79,15.72,11.96,10.45,8.21,6.52,5.46,5.57,8.65,11.53,12.54,15.03,112.23,34.46,119.81,41.71,196.22,108.71,121.4,142.21,58.89,20.39,72.07,67.4,8.3,44.2,"11,868,268",268288.2693,5.2,16.9,1.1,1.8,0,0,0,0,0,0,0,0,0,0,3.6,6.3,0.5,1.2,0,0,0,0,0,0,0,0,0,0.3,0,0,0,0,28.93,30.42,29.54,24.86,21.22,19.94,18.17,20.39,23.12,28.93,31.2,30.22,224.52,64.62,38.95,7.63,4.52,5,1.3,3.06,0.38,4.51,30.95,214.16
2016,28.53,28.03,27.46,24.28,20.19,16.54,15.51,16.61,19.24,22.4,26.12,28,71.74,44.23,65.24,10.62,42.8,50.89,35.17,27.25,46.96,19.91,23.81,93.47,11 282.2,22 274.5,4 107.6,8 992.3,2 090.9,2 775.5,677.4,874.6,220.3,300.6,238.1,204.5,224.9,181.6,534.1,651.9,821.5,1 299.7,78.4,127.4,520.6,1 790.8,270,889.6,270,629.1,26.6,273.9,53.3,400,20.8,29.4,22.8,19.2,"491,837,000",1859,"264,627","296,605,000",1050,"282,475","1,263,146,000",4833,"261,337","300,522,000",970,"309,888",25.56,26.01,24.4,20.1,15,11.26,10.95,11.31,13.67,16.5,21.17,25.39,87.06,14.55,27.46,20.03,59.83,112.18,44.44,58.85,117.96,39.94,26.93,53.82,2 932.7,6 897.5,"1,673,049,837","242,558",966.2,2 527.7,568.1,936.5,397.9,489.4,62.7,143.4,48.1,72.5,1.3,2.9,94.5,110.7,277.8,382.6,24.7,60,154.8,604.4,163,558.6,163,395,24.7,262.4,17.4,169.8,13.2,20,10.5,10.1,21.74,21.32,20.61,16.13,12.77,8.99,9.09,9.63,11.25,12.99,15.9,19.8,64.83,17.45,38.02,21.13,88,80.86,102.65,65.34,131.47,84.43,41.81,42.2,1 341.5,1 814.9,"449,256,765",247542.3915,844.5,1 107.4,276.6,287.4,13.3,3.5,74.5,57.3,54,20.6,107.2,39.9,45.8,31.1,140.4,185.3,14.1,19.1,0.5,3.2,0,0,0,0,0.2,0.2,5.4,61.2,0.6,1.1,0,0,29.75,29.91,28.37,26.32,22.9,18.62,17.58,18.55,21.82,24.03,27.9,29.95,90.58,78.2,109.55,9.02,32.18,59.91,49.13,28.96,58.43,16.41,24.81,68.97,611.1,1 315.9,"341,748,491","259,705",137.7,372.4,2,2.8,251.6,370.6,5.9,11,0,0,0.2,0.4,0,0,36.2,23.4,3.9,7.3,363.1,1 177.5,107,331,107,234.1,1.7,11.1,30.1,163.9,7,8.3,9.2,6.1,27.65,27.11,25.53,21.13,16.98,13,12.22,13.51,15,19.48,23.28,26.76,25.86,14.36,45.27,4.58,38.44,42.58,20.34,26.45,49.86,11.63,7.69,68.5,1 769.7,3 679.3,"865,716,492",235291.1178,769.5,1 719.4,149.2,218.9,10.9,7.1,74.4,84.4,114,82.1,115.2,137.1,62.2,52.8,65.4,102.5,18,18.5,0.1,0.1,0,0,0,0,0,0,0.1,0.7,0,0,0.1,0,28.92,28.89,28.18,24.92,20.08,16.65,15.77,16.83,19.15,23.43,27.06,27.98,69.41,35.96,48.75,11.35,38.18,37.63,31.38,19.07,7.52,9.23,14.94,87.72,4 615.8,8 510.6,"2,315,693,672",272095.9662,1 383.9,3 247.9,1 093.6,1 327.8,3.5,3.9,2.6,4,22,29.3,1,1.4,331.5,457.3,299.8,601.4,17.7,22.4,2.1,5.4,0,0,0,0,0,0,0.3,4.2,0,0,3,3,16.41,16.07,14.5,12.21,9.42,7.74,6.88,7.01,9.28,9.55,11.5,14.02,95.31,59.96,61.97,67.42,274.41,250.04,239.64,126.07,139.45,208.37,131.93,107.8,10.5,53.4,"13,760,994",257884.8597,5.6,16.5,1,2,0,0,0.2,0.5,0,0,0,0,0,0,1.9,4.5,0.1,0.2,0,0,0,0,0,0,0,0,0,0.3,0,0,0,0,30.39,30.65,29.85,27.54,24.53,21.26,19.1,20.83,24.86,26.26,29.83,30.39,76.48,60.1,81.71,5.46,39.12,17.46,7.67,10.05,41.2,18.16,41.17,188.46
2017,28.79,28.29,27.39,22.37,18.97,15.67,16.3,17.2,20.52,24.36,26.25,28.41,126.51,85.84,71.31,25.71,15.06,8.76,12.98,14.4,10.81,36.79,40.8,45.47,12 191.2,31 818.7,4 834.1,13 506.0,2 681.2,4 313.2,1 069.0,2 004.0,232.7,483.6,230.2,415.2,275.6,680.5,514.6,1 031.4,1 027.9,2 265.5,61.6,149.9,367.9,994.3,557,1 260.0,557,891,82.2,807.3,67.8,436.2,16.7,31.3,16.1,17.3,"292,478,000",1024,"285,506","330,978,000",1061,"311,834","949,910,000",3306,"287,292","315,165,000",924,"341,061",28.14,26.84,24.24,19.94,13.73,10.68,10.34,11.22,15.47,19.65,22.06,25.3,40.2,20.52,96.32,30.24,29.75,24.93,12.15,22.64,5.15,60.22,45.67,68.64,3 248.4,9 819.1,"1,988,497,500","202,513",1 056.4,2 832.1,785.6,1 248.2,480,792,30,78,50,85,5,10,51,66.3,327,495.7,27.8,82.8,117.1,386.6,370,813.7,370,575.4,82,806.4,22.7,202.5,11.1,23.8,8,10.9,21.72,20.41,21,15.04,11.07,8.34,8.4,8.87,11.48,14.84,19.05,19.9,37.45,32.78,36.18,80.21,45.31,13.57,54.97,85.34,48.99,48.52,50.42,81.65,1 454.2,4 664.8,"945,782,116",202747.6526,946.1,3 082.9,326.6,632.7,16,28,120,220,49,100,110,200,33,60,161.9,493,11.2,27.6,0.2,0.8,0,0,0,0,0,0,7.6,68.7,0.6,0.7,0,0,30.51,30.11,28.86,23.96,21.56,17.93,18.82,19.26,23.11,26.59,27.21,30.18,143.78,81.65,114.06,11.5,26.38,5.23,9.72,2.59,1.57,72.13,44.98,36.52,622.2,1 501.6,"313,604,575","208,847",149,435.7,0,0,550,1 150.0,5.9,14.6,0,0,0.2,0.5,0,0,47.4,56.5,0.3,0.3,249.9,604.3,187,446.3,187,315.6,0.1,0.6,35.3,146.2,5,6.8,5,3.4,28.82,27.27,26.22,19.62,15.65,12,13.25,14.01,17.78,21.4,24.67,26.5,51.56,14.28,3.02,28.57,7.9,9.62,10.6,14.64,18.68,19.64,31.01,22.94,2 178.3,6 132.5,"1,130,434,289",184334.8637,980.8,3 002.0,218.3,381.5,19,27,72,160,100,175,160,470,70,100,86.1,179.4,15.9,27.8,0,0,0,0,0,0,0,0,0,0.6,0,0,0.1,0,28.36,27.59,27.36,23.3,19.4,16.49,16.37,17.84,20.64,24.45,27.07,28.68,130.94,111.22,67.23,23.18,6.8,7.79,10.76,17.34,11.57,17.95,21.1,46.67,4 677.8,9 644.9,"2,262,650,567",234596.0066,1 693.7,4 119.8,1 349.4,2 047.9,4,7,4.7,11,31,55,0.4,0,360.5,805,402.9,1 035.8,6.2,11,0.6,2.3,0,0,0,0,0,0,1.7,16.5,0,0,3,3,15.22,13.37,15.58,11.65,8.71,7.2,5.5,6.19,7.18,11.34,14.28,14.83,73.42,53.73,50.91,65.21,134.85,66.7,142.08,149.52,173.68,91.77,48.56,101.79,10.3,55.8,"12,690,043",227501.6673,8.1,33.4,1.3,2.9,0,0,0.1,0,0.2,0.2,0,0,0.1,0.1,2.6,5.3,0.1,0.5,0,0,0,0,0,0,0,0,0.1,1.1,0,0,0,0,29.61,29.05,29.76,25.58,22.59,18.68,20.7,21.21,24.58,28.56,29.21,31.32,223.65,148.49,65.78,32.81,0.99,0.89,10.17,0.09,4.56,19.68,75.03,48.47
2018,29.26,28.76,26.7,24.63,18.43,15.53,15.74,16.1,19.91,24.73,26.29,29.31,103,73.38,59.23,9.51,8.92,17.21,10.97,14.08,5.24,25.44,37.76,41.11,10 919.2,20 941.1,4 124.1,9 253.8,3 171.1,3 893.1,1 075.1,998.2,313.1,415.6,291.5,317.2,418.5,542.8,612,714.3,874.1,1 227.4,55.5,87,462.2,1 257.2,525.6,1 496.8,525.6,1 057.5,61.1,635.1,52.7,387.2,32.1,28.9,14.3,13.6,"32,247,000",85,"380,107","398,824,000",1072,"372,129","402,748,000",1138,"353,790","384,480,000",950,"404,832",27.84,25.99,23.67,19.37,13.83,10.72,10.41,11.37,14.81,19.82,21.82,26.17,31.58,32.55,31.27,12.8,11.95,27.09,8.86,17.17,16.34,49.63,52.14,40.3,2 793.5,4 702.8,"1,236,415,005","262,908",763.5,1 304.6,860,892.7,450,407,61,63.3,74.5,46.4,2,1.3,94.9,46.4,366,229.4,22.9,48.7,108.3,279,350.5,1 044.1,350.5,737.7,60.1,628.1,20.2,190.2,24,17.2,10,8.9,22.96,21.68,18.88,16.7,11.74,8.68,8.68,9.2,10.82,15.19,16.86,21.5,34.1,11.54,19.57,16.23,61.01,55.65,50.09,62.08,22.96,30.31,50.42,71.59,1 446.8,3 682.1,"871,665,400",236731.6,843.7,2 109.7,541.9,938,77.1,78.3,147.3,195.8,84.2,91.4,210.4,261.1,49.1,52.2,97.1,188.5,8.4,14.1,0.9,2.5,0,0,0,0,0,0,5.1,59.8,0.6,1.5,0,0,30.92,29.69,27.21,25.53,20.31,17.36,17.49,18.14,22.19,27.02,28.76,30.27,84.13,108.66,149.65,12.34,4.38,8.62,4.99,4.19,2.45,33.14,31.3,78.56,639.2,765.4,"221,347,393","289,187",104.9,187.8,0.7,0.3,507.1,467,5.2,4.8,0,0,0.2,0.2,0,0,44.9,12.4,0,0,352.4,974.5,175.1,452.7,175.1,319.9,1,6.9,25.7,114.6,7.5,10.2,4.2,4.7,29.35,28.02,24.81,23.13,15.06,12.15,12.85,13.85,16.13,22.09,23.26,27.85,23.35,17.34,6.2,3.32,9.9,11.78,8.73,21.01,2.88,15.27,32.18,14.48,1 975.8,4 052.0,"890,259,107",219711.0597,876.5,1 860.8,236.5,335.1,33.9,38.4,82.6,131.7,101.8,137.1,197.9,274.3,65.6,82.3,57.1,93.9,15.8,15.9,0,0,0,0,0,0,0,0,0,0,0,0,0.1,0,28.85,27.8,28.03,25.33,19.42,16.19,16.41,16.05,20.46,24.52,26.39,29.44,122.24,90.97,21.05,7.34,6.97,24.56,13.18,15.74,2.96,17.75,25.75,22.34,4 056.6,7 698.6,"1,987,920,631",258220.0693,1 531.1,3 774.6,1 530.6,1 723.6,7,7.5,17,20,31,42.3,8,6,402,532.4,306.4,697.2,8.4,8.2,0.6,1.3,0,0,0,0,0,0,1.5,18.4,0,0,0,0,16.47,14.79,13.78,11.64,9.23,6.89,6.64,6.71,8.1,10.88,12.31,15.5,51.57,83.49,130.14,83.54,140.91,121.76,229.03,170.83,91.61,50.23,110.24,91.7,7.4,40.3, - ,0,4.6,16.3,1.4,3.5,0,0,0,0,0,0,0,0,0.4,0.9,2.7,6,0,0.2,0,0,0,0,0,0,0,0,0.2,4.2,0,0,0,0,30.36,30.59,28.52,27.75,21.33,18.98,19.27,19.68,24.34,29.34,30.4,33.1,210.32,71.39,73.55,7.74,0.46,0.68,0.2,0.8,0.86,20.48,58.65,40.21
2019,30.75,30.25,27.64,23.54,18.81,15.51,16.01,16.34,20.38,24.98,26.59,30.4,52.1,49.19,57.01,21.13,15.99,16.91,10.45,8.71,6.72,8.46,12.62,16.42,10 402.3,17 597.6,4 436.6,8 818.9,2 119.8,2 365.8,293.9,205.1,234,233.4,229.5,159.6,400.1,359.3,661.1,798.6,938.1,1 134.6,48.4,59.5,550.3,1 160.7,379.3,685.9,379.3,484.6,7.6,66.8,58.9,327.2,13.4,15.1,11,9.2,"567,824,000",1421,"399,495","418,945,000",1127,"371,891","341,540,000",904,"377,675","340,101,000",849,"400,441",30.51,25.91,23.77,19.47,14.25,10.98,11.19,11.05,15.29,19.74,21.87,26.55,28.44,20.92,49.8,19.49,29.9,20.38,15.4,9.12,13.35,10.32,26.19,8.18,2 382.0,1 850.3,"698,071,963","377,268",667.9,909.1,405,263,58.6,22.2,9.6,7.9,45.6,18.5,8.4,3.4,58.6,23.8,334.5,126.3,19.6,18.8,152.3,222.1,250.4,454.4,250.4,321.1,6.7,61.2,21.3,147.4,8.7,5.8,5.3,3,24.15,21.18,19.43,15.72,11.9,9.28,9.27,8.65,11,14.78,15.84,20.68,11.3,22.05,28.1,11.52,88.03,67.52,59.12,54.78,43.4,22.82,47.15,11.61,1 402.9,2 276.6,"786,718,580",345567.6321,892.8,1 337.3,414.4,510.7,33.2,24.4,116.2,67.2,83,42.8,207.5,128.3,49.8,24.4,134.2,165.3,13.3,24.9,2,2.6,0,0,0,0,0,0,7,66.2,0.5,1.8,0,0,31.19,28.65,28.25,24.41,20.74,17.18,17.48,18.28,22.03,26.14,28.48,31.27,101.94,136.33,130.49,34.54,11.81,11.76,7.87,2.4,1.69,13.84,10.63,20.57,419.7,419.7,"164,932,719","393,001",99.5,132,1.2,0.3,165,117.7,3.4,4.6,0,0,0.1,0.1,0,0,35.9,10.6,0.4,0.5,393.6,926.3,128.9,231.5,128.9,163.5,0.8,5.1,28.3,88,4.2,7.5,4,4.8,30.7,27.28,25.57,21.23,15.39,11.98,13.16,12.68,17.74,22.7,23.07,29.51,4.4,1.92,7.1,3.23,18.92,12.69,6.59,6.61,8.58,2.47,5.35,4.45,1 820.8,3 024.5,"967,241,017",319799.4187,872.9,1 615.0,168.9,242.9,26.5,26.6,90,127.6,74.1,53.1,169.4,212.6,42.3,37.2,115.4,140.3,8.7,5.9,0,0,0,0,0,0,0,0,0,0,0,0,0.3,0.1,30.22,30.26,28.91,24.53,19.42,16.24,16.64,17.37,21.34,25.97,27.67,31.3,34.63,20.1,29.82,16.96,4.29,22.37,7.69,10.5,3.22,5.14,5.49,17.33,4 369.2,9 979.2,"3,165,803,708",317239.5947,1 897.4,4 798.0,1 129.4,1 346.1,10.7,14.3,14.8,26.1,26.9,45.1,14.8,14.8,510.2,712.8,315.9,687.1,6.4,9.2,2.4,9.2,0,0,0,0,0,0,2.2,25.4,0,0,1.4,1.4,17.01,14.65,14.06,11.13,9.14,6.86,6.84,6.47,8.37,10.27,10.84,13.62,17.23,85.42,76.42,100,142.67,121.09,222.82,149.36,105.14,62.27,131.75,92.61,7.6,40.1, - ,0,6.1,27.5,0.9,2.7,0,0,0,0,0,0,0,0,0.2,0.4,2.3,5.1,0,0.1,0,0,0,0,0,0,0,0,0.1,0.1,0,0,0,0,33.12,30.96,30.23,26.95,22.46,18.82,19.59,19.56,24.02,28.89,30.44,33.36,79.15,45.87,58.11,23.77,14.16,0.43,0.13,0.08,3.25,5.92,14,20.52
2020,29.3,28.8,26.23,23.85,17.59,16.29,15.37,17.44,21.75,23.84,27.87,27.32,90.58,86.15,52.76,24.17,18.62,10.85,12.58,20.42,16.3,32.27,18.88,103.01,9 863.2,14 480.2,5 040.9,10 127.2,2 034.1,2 298.5,309.2,235.2,214.9,313,247.6,210.5,412.4,525.8,664.6,591.1,816,1 142.9,72.8,76.9,204.2,398,69.4,161.5,69.4,114.1,5,50.2,37.7,267.6,9.8,17.3,8.5,11,"585,565,000",1712,"342,047","350,342,000",973,"360,109","1,246,786,000",3723,"334,851","330,532,000",945,"349,645",28.01,24.77,21.52,17.22,12.65,10.88,10.26,11.03,15.97,18.88,23.76,23.51,42.35,103.03,75.65,69.62,22.81,25.86,43.54,50.12,34.54,67.46,21.01,83.23,2 132.0,1 772.4,"599,708,197","338,366",885.4,916.3,327.1,206.2,66.4,24.4,15.7,14.6,27.5,18,4.7,2.8,43.2,23.6,264.5,183.2,22,33,44.4,78.9,54.6,117.9,54.6,83.3,4.2,46.1,9.8,95.2,5.9,8.3,4.1,4.9,21.15,20.67,18.1,14.11,10.43,8.68,8.16,9.06,12.26,14.58,19.14,18.22,49.04,52.41,42.54,104.66,51.61,44.06,46.07,70.51,50.61,88.1,34.51,36.21,1 428.9,3 714.3,"1,173,040,631",315816.3114,1 101.7,3 116.6,404.6,731.1,37.8,25.5,100.2,158.7,68.9,58.2,225.5,268.4,42.6,39.1,108.3,197,15,25,0.4,3.6,0,0,0,0,0,0,5.1,53.6,0.3,0.2,0,0,31.07,29.45,26.99,25.19,19.31,18.41,17.07,19.02,23.69,25.86,29.65,29.86,136.09,128.82,77.69,13.97,21.48,8.04,8.97,13.04,15.29,27.25,15.53,112.17,441.5,418.5,"149,742,790","357,830",80.5,80.1,0.9,0.9,170.8,162.1,4.4,8,0,0,0.1,0.2,0,0,50.1,25,0,0,159,313.2,14.8,43.7,14.8,30.8,0.6,3.6,17,57.7,3.6,8.8,3.6,5.5,27.66,26.25,24.24,20.39,14.11,12.21,11.83,14.09,18.99,20.53,26.49,25.07,17.76,20.41,16.33,22.44,7.7,6.8,6.02,24.57,26.19,41.79,4.32,28.73,1 720.9,2 689.1,"807,206,278",300180.0166,1 061.3,1 995.1,152.6,241.5,21.4,18.1,85.4,121.3,105.5,89.9,160.8,233.7,45.2,41.3,92.2,91.8,26.8,10.8,0,0,0,0,0,0,0,0,0,0,0,0,0.1,0,29.07,29.27,27.83,25.69,18.79,17.42,16.56,18.23,22.08,24.32,27.49,27.75,90.19,58.8,33.92,7.21,20.69,9.15,9.28,16.21,6.61,9.53,24.17,88.1,4 132.7,5 842.2,"1,886,229,260",322863.5544,1 906.9,3 996.2,1 148.2,1 117.1,12.8,5.1,9.1,10.4,45.7,44.3,21.3,20.8,533.2,485,298.5,643.2,9,8,0.3,1.8,0,0,0,0,0,0,5,56,0,0,0.8,0.5,15.53,14.21,12.65,11,8.89,6.99,5.93,6.93,8.65,9.91,13.45,12.87,70.08,71.58,124.37,177.43,110.1,120.67,66.06,136.09,108.24,150.19,51.78,115.6,7.2,43.8,"15,605,112",356240.4292,5.1,22.9,0.6,1.7,0,0,0,0,0,0,0,0,0.4,2,2.4,2.8,0,0,0,0,0,0,0,0,0,0,0.9,5,0,0,0,0,31.48,30.74,28.43,27.7,20.64,19.5,18.37,22.21,26.79,28.03,32.27,29.78,124.46,127.58,67.26,21.38,6.34,0.33,0.86,2.2,6.79,37.54,18.54,198.64
2021,28.14,27.64,25.78,22.4,18.69,15.55,16.19,17.46,20.2,23.72,24.76,28.24,75.76,90.4,79.84,19.48,18.3,26.45,21.91,11.35,14.27,26.11,75.98,49.08,12 885.0,33 336.5,4 422.0,13 093.2,2 447.5,4 523.8,507.5,732.5,269,509.8,209,293.5,451.3,782.1,496.3,774.3,948.2,1 664.6,72.1,131,510.9,1 496.0,297.4,727.8,297.4,607.6,46.4,457.8,50.6,356.1,23.6,43.7,17.7,26.9,,,,,,,,,,,,,25.01,24.04,21.14,16.84,13.47,10.96,10.29,12.06,14.73,17.58,20.11,23.65,66.49,67.47,138.11,11.52,29.12,59.9,42.19,27.64,44.26,40.34,136.67,56.86,3 800.0,13 110.0,,,950,3 230.0,620,1 395.0,220,374,55,110,34,61,10,14,68,130,320.2,496.2,25.9,66.2,130,494,192.8,461.4,192.8,385.2,45.1,450,18,176.4,15.6,31.2,9.8,19.7,20.79,19.88,17.56,14.36,11.53,9.75,8.58,10.04,11.92,13.22,15.72,19.13,73.35,26.82,47.66,19.03,57.08,88.1,75.44,53.94,73.48,72.35,79.62,30.96,1 500.0,4 768.0,,,870,2 784.0,450,1 100.0,45,67.5,80,160,55,82.5,210.2,350,38,43.7,135,364.5,10,19.2,0,0,0,0,0,0,0,0,4.1,40.8,0.5,1,0,0,29.14,28.97,27.28,23.79,20.3,17.78,18.1,19.93,22.57,26.82,27.28,29.11,123.78,116.76,93.15,47.45,6.4,26.65,15.81,8.68,11.57,30.15,114.6,80.16,750,1 102.5,,,135,240,1.5,1.2,230,275,30,42,0,0,0.1,0.1,0.1,0.1,15,7.5,1.1,1.6,380,1 000.0,104.6,266.4,104.6,222.4,1.2,7.8,25,110,7.5,11.5,7.7,7.2,26.92,25.91,23.86,19.75,15.55,12.57,13.32,13.98,17.29,20.44,21.94,26.09,16.97,19.7,34.07,2.14,9.53,22.93,19.2,7.18,5.6,13.49,61.06,7.67,2 075.0,4 800.0,,,860,2 400.0,225,375,8,11,95,185.3,85,105,220,400,40,50,85,140,25,31.8,0,0,0,0,0,0,0,0,0,0,0,0,0.1,0,28.85,27.39,26.68,24.04,19.94,15.54,16.67,17.73,20.3,23.18,25.08,29.6,59.03,82.5,60.95,12.55,30.07,18.52,22.94,7.74,5.17,13.76,34.76,22.91,4 750.0,9 500.0,,,1 600.0,4 400.0,1 150.0,1 650.0,4.5,5,9,12.5,35,45,11,18,350,550,390,650,10,12,0.8,2,0,0,0,0,0,0,3.2,25.1,0,0,0,0,14.72,14.65,13.58,11.27,8.6,7.99,6.65,7.6,8.19,10.27,11.38,13.95,75.5,94.95,107.69,102.12,99.58,115.48,178.57,151.3,138.13,201.58,79.29,33.82,10,56,,,7,39.2,1,2.6,0,0,0,0,0,0,0,0,0.2,0.5,3,6.4,0.1,0.3,0,0,0,0,0,0,0,0,0.3,3.8,0,0,0,0,30.25,29.03,28.16,25.18,21.8,19.06,20.35,21.29,24.78,29.29,28.24,31.55,94.8,149.12,100.73,9.87,0.73,8.02,0.47,0.52,6.67,28.32,76.17,88.15