Year,NSW_Jan_humidity,NSW_Feb_humidity,NSW_Mar_humidity,NSW_Apr_humidity,NSW_May_humidity,NSW_Jun_humidity,NSW_Jul_humidity,NSW_Aug_humidity,NSW_Sep_humidity,NSW_Oct_humidity,NSW_Nov_humidity,NSW_Dec_humidity,NSW_Jan_wind,NSW_Feb_wind,NSW_Mar_wind,NSW_Apr_wind,NSW_May_wind,NSW_Jun_wind,NSW_Jul_wind,NSW_Aug_wind,NSW_Sep_wind,NSW_Oct_wind,NSW_Nov_wind,NSW_Dec_wind,NSW_Jan_uva,NSW_Feb_uva,NSW_Mar_uva,NSW_Apr_uva,NSW_May_uva,NSW_Jun_uva,NSW_Jul_uva,NSW_Aug_uva,NSW_Sep_uva,NSW_Oct_uva,NSW_Nov_uva,NSW_Dec_uva,NSW_Jan_uvb,NSW_Feb_uvb,NSW_Mar_uvb,NSW_Apr_uvb,NSW_May_uvb,NSW_Jun_uvb,NSW_Jul_uvb,NSW_Aug_uvb,NSW_Sep_uvb,NSW_Oct_uvb,NSW_Nov_uvb,NSW_Dec_uvb,NSW_year_eva,NSW_Jan_eva,NSW_Feb_eva,NSW_Mar_eva,NSW_Apr_eva,NSW_May_eva,NSW_Jun_eva,NSW_Jul_eva,NSW_Aug_eva,NSW_Sep_eva,NSW_Oct_eva,NSW_Nov_eva,NSW_Dec_eva,NSW_Jan_temp,NSW_Feb_temp,NSW_Mar_temp,NSW_Apr_temp,NSW_May_temp,NSW_Jun_temp,NSW_Jul_temp,NSW_Aug_temp,NSW_Sep_temp,NSW_Oct_temp,NSW_Nov_temp,NSW_Dec_temp,NSW_Jan_rain,NSW_Feb_rain,NSW_Mar_rain,NSW_Apr_rain,NSW_May_rain,NSW_Jun_rain,NSW_Jul_rain,NSW_Aug_rain,NSW_Sep_rain,NSW_Oct_rain,NSW_Nov_rain,NSW_Dec_rain,NSW_Wheat_Area,NSW_Wheat_Production,NSW_wheat_price,NSW_Barley_Area,NSW_Barley_Production,NSW_Barley_price,NSW_Oats_Area,NSW_Oats_Production,NSW_Oat_price,NSW_Rice_Area,NSW_Rice_Production,NSW_Rice_price,NSW_Corn (maize)_Area,NSW_Corn (maize)_Production,NSW_Corn_price
1990.00000 ,71.56,85.69,82.75,86.81,86.44,83.94,82.88,78.75,80.19,75.12,63.88,62.38,5.42,5.47,6.48,4.44,4.57,5,4.91,8.71,5.2,6.41,4.7,5.49,0,0,0,0,0,0,0,0,0,0,0,0,0,0,0,0,0,0,0,0,0,0,0,0,167.34,315.11,211.74,224.64,101.06,76.17,52.72,55.88,77.48,118.52,186.28,262.33,326.2,26.060000 ,23.760000 ,22.860000 ,18.560000 ,13.980000 ,9.990000 ,10.130000 ,10.300000 ,13.920000 ,17.650000 ,21.980000 ,25.850000 ,45.120000 ,82.600000 ,36.110000 ,153.700000 ,66.610000 ,29.410000 ,57.560000 ,49.320000 ,31.680000 ,33.090000 ,11.710000 ,23.480000 ,2 123.4,3 423.3, 149 , 412.9, 655.6, 145.8, 365.2, 503.5, 93.9,100,816, 145.0,17,98, 148.6
1991.00000 ,67.06,68.44,66.19,64.06,79.44,82.38,81.56,69.62,63.19,64.62,62.5,72.81,4.24,6.34,5.23,5.7,4.56,5.32,5.07,5.31,5.5,5.81,5.8,6.06,0,0,0,0,0,0,0,0,0,0,0,0,0,0,0,0,0,0,0,0,0,0,0,0,179.37,297.68,259.62,241.56,148.09,81.9,62.51,64.27,107.51,152.95,221,250.71,264.58,26.160000 ,26.400000 ,22.000000 ,17.700000 ,14.010000 ,13.090000 ,9.640000 ,10.920000 ,14.140000 ,19.370000 ,20.910000 ,22.300000 ,80.350000 ,35.920000 ,15.290000 ,12.120000 ,42.820000 ,73.130000 ,45.480000 ,23.000000 ,22.890000 ,12.920000 ,25.330000 ,81.040000 ,2 165.8,4 127.6, 74 , 463.3, 822.5, 103.3, 374.3, 538.4, 84.3, 85.0, 719.0, 162.0, 17.8, 90.6, 150.1
1992.00000 ,73.81,84.31,84.12,82,82.25,79.69,75,68.94,64.12,69.5,69.81,79.81,5.61,5.16,4.64,4.51,5.4,4.21,5.88,6.69,5.2,6.3,5.65,5.72,0,0,0,0,0,0,0,0,0,0,0,0,0,0,0,0,0,0,0,0,0,0,0,0,151.20,299.82,199.04,208.67,137.41,71.21,49.88,73.45,90.01,118.04,171.61,196.07,199.24,23.660000 ,23.440000 ,22.690000 ,18.390000 ,13.610000 ,10.150000 ,10.060000 ,10.510000 ,12.640000 ,17.250000 ,18.630000 ,22.120000 ,44.860000 ,98.010000 ,23.350000 ,35.200000 ,28.960000 ,21.730000 ,21.480000 ,53.250000 ,40.760000 ,56.840000 ,75.760000 ,122.100000 ,1 499.3,2 183.0, 162 , 517.5, 748.7, 129.0, 456.7, 578.8, 82.1, 109.0, 929.0, 164.9, 16.8, 119.1, 152.0
1993.00000 ,73.19,69.44,73.88,72.38,73.88,72.94,84.31,75.19,72.56,65.88,67.31,66.25,6.34,4.94,4.92,3.98,4.98,5.99,3.99,5.27,5.52,5.54,5.7,4.98,0,0,0,0,0,0,0,0,0,0,0,0,0,0,0,0,0,0,0,0,0,0,0,0,154.44,263.97,219.64,194.77,145.15,76.29,55.42,55.4,89.7,115.93,169.68,221.07,246.28,25.780000 ,24.740000 ,21.240000 ,16.940000 ,14.100000 ,10.030000 ,11.440000 ,11.970000 ,13.870000 ,16.600000 ,20.910000 ,22.370000 ,70.610000 ,38.510000 ,47.800000 ,6.950000 ,31.360000 ,26.840000 ,76.600000 ,20.900000 ,59.340000 ,73.380000 ,39.420000 ,61.250000 ,1 694.0,3 582.7, 133 , 559.7,1 043.8, 102.8, 447.7, 761.5, 65.3, 105.0, 846.0, 159.6, 15.6, 107.9, 165.9
1994.00000 ,61.38,73.62,75.94,74.38,66.62,77.25,74.88,66.69,54.31,60,64.12,69.06,5.55,5.63,7.52,6.34,4.59,4.38,5.12,4.09,5.8,6.42,6.73,5.41,0,0,0,0,0,0,0,0,0,0,0,0,0,0,0,0,0,0,0,0,0,0,0,0,177.90,331.76,194.91,179.77,138.05,103.59,65.2,69.79,100.83,160.89,214.43,248.99,326.6,25.320000 ,24.570000 ,19.870000 ,15.570000 ,13.530000 ,11.210000 ,9.810000 ,10.250000 ,13.420000 ,17.860000 ,21.300000 ,25.380000 ,19.710000 ,85.820000 ,50.730000 ,18.180000 ,11.310000 ,26.050000 ,13.880000 ,9.500000 ,12.130000 ,24.930000 ,43.700000 ,38.880000 ,1 977.7,5 086.1, 123 , 623.0,1 357.0, 88.9, 369.0, 617.8, 74.6, 125.0,1 042.0, 223.3, 14.2, 100.0, 160.0
1995.00000 ,74.88,72.38,76.75,66.62,81.06,80.25,70.5,66.06,72.81,69.62,70.06,70.44,5.52,5.91,5.94,4.96,4.31,6.45,5.55,5.37,8.64,5.97,5.52,5.93,0,0,0,0,0,0,0,0,0,0,0,0,0,0,0,0,0,0,0,0,0,0,0,0,162.48,256.1,216.73,224.86,136.84,72.26,56.72,66.86,109.93,129.72,190.94,213.02,275.75,24.330000 ,23.770000 ,21.090000 ,16.790000 ,14.110000 ,11.060000 ,9.220000 ,13.030000 ,14.400000 ,18.030000 ,21.500000 ,22.170000 ,140.460000 ,32.060000 ,24.260000 ,13.620000 ,77.510000 ,37.620000 ,29.700000 ,4.610000 ,48.680000 ,44.960000 ,78.100000 ,46.310000 ,1 423.8, 874.6, 204 , 409.8, 291.5, 201.7, 375.5, 197.3, 210.9, 119.0,1 016.0, 191.9, 20.5, 145.3, 218.1
1996.00000 ,75.81,68.69,71,63.12,79.5,80.19,76.94,69.81,68.62,70.19,63.06,67.38,4.08,5.76,4.96,4.34,4.89,5.55,4.87,6.64,5.15,5.2,5.18,7.09,0,0,0,0,0,0,0,0,0,0,0,0,0,0,0,0,0,0,0,0,0,0,0,0,170.35,270.41,243.01,217.94,143.35,77.88,60.21,58.57,85.59,151.14,193.74,249.14,293.26,24.720000 ,22.650000 ,21.750000 ,17.450000 ,14.140000 ,11.940000 ,9.920000 ,11.330000 ,14.330000 ,18.000000 ,19.750000 ,23.190000 ,99.240000 ,32.120000 ,27.290000 ,15.880000 ,78.100000 ,38.460000 ,62.030000 ,44.100000 ,48.410000 ,38.340000 ,49.540000 ,57.990000 ,2 328.3,4 508.4, 200 , 593.2,1 073.6, 183.2, 505.1, 711.2, 154.7, 136.0, 965.0, 203.0, 23.6, 190.0, 196.8
1997.00000 ,69.88,80.25,72.06,65.94,80.75,79.88,82.5,69.88,74.44,65.56,65.25,63.06,5.38,4.12,4.61,5.92,6.91,5.2,3.67,4.21,4.98,5.31,5.38,5.55,0,0,0,0,0,0,0,0,0,0,0,0,0,0,0,0,0,0,0,0,0,0,0,0,176.93,299.48,231.55,216.24,154.43,81.32,62.03,67.73,101.45,121.04,207.95,267.47,312.42,24.150000 ,26.740000 ,21.280000 ,16.980000 ,14.230000 ,10.540000 ,9.070000 ,10.670000 ,14.590000 ,18.420000 ,23.320000 ,25.420000 ,61.100000 ,70.020000 ,27.270000 ,3.420000 ,51.780000 ,35.190000 ,14.420000 ,18.620000 ,62.370000 ,38.840000 ,37.280000 ,43.110000 ,3 192.0,8 363.4, 166 , 668.2,1 483.0, 164.3, 392.7, 607.2, 113.3, 151.0,1 248.0, 205.0, 30.7, 255.9, 199.3
1998.00000 ,70.5,65.38,66.69,72.81,82.94,84.62,82.38,83.75,81.5,72.12,74,69.81,5.47,4.99,5.94,4.08,5.85,6.62,5.97,7.13,5.8,5.29,5.6,4.69,0,0,0,0,0,0,0,0,0,0,0,0,0,0,0,0,0,0,0,0,0,0,0,0,165.28,292.53,244.83,256.6,135.28,78.84,59.45,52.9,77.9,113.04,174.3,205.99,291.67,26.020000 ,25.340000 ,23.730000 ,19.430000 ,13.750000 ,10.620000 ,9.400000 ,12.370000 ,15.390000 ,16.850000 ,19.700000 ,24.170000 ,60.060000 ,39.600000 ,6.870000 ,56.430000 ,41.550000 ,52.740000 ,91.310000 ,69.000000 ,81.720000 ,44.230000 ,57.240000 ,25.590000 ,2 936.2,5 906.4, - , 701.1,1 364.7, 0.0, 324.9, 488.2, 0.0, 146.0,1 320.0, 0.0, 22.4, 161.2, 0.0
1999.00000 ,73,75.12,73.31,79.56,76.5,78.81,81.62,79.38,74.94,78.06,70.56,70.69,5.41,5.55,5.17,6.58,5.8,5.31,5.38,4.98,4.37,5.63,4.79,4.66,0,0,0,0,0,0,0,0,0,0,0,0,0,0,0,0,0,0,0,0,0,0,0,0,158.31,300.6,220.13,188.18,125.61,85.7,60.7,63.85,99.32,146,169.99,201.46,238.15,27.330000 ,24.220000 ,22.230000 ,17.930000 ,14.680000 ,10.920000 ,10.940000 ,11.820000 ,15.900000 ,18.790000 ,18.450000 ,21.630000 ,56.220000 ,40.790000 ,70.940000 ,46.030000 ,28.030000 ,39.820000 ,48.840000 ,41.760000 ,32.270000 ,91.190000 ,63.750000 ,90.090000 ,3 173.8,6 563.3, - , 638.0,1 247.4, 0.0, 354.0, 669.1, 0.0, 148.0,1 357.0, 0.0, 26.5, 186.2, 0.0
2000.00000 ,69.12,68.56,84.94,80.38,75.62,76.44,73.38,70.56,63.25,65.19,78.88,64.94,5.29,5.34,5.44,6.17,5.24,6.55,5.71,5.28,5.66,4.87,5.8,5.7,0,0,0,0,0,0,0,0,0,0,0,0,0,0,0,0,0,0,0,0,0,0,0,0,160.03,291.84,243.35,169.77,120.76,78.25,58.88,66.25,85.57,153.66,181.69,184.59,285.79,23.030000 ,25.250000 ,22.660000 ,18.360000 ,12.830000 ,9.930000 ,10.030000 ,11.030000 ,16.110000 ,17.350000 ,21.630000 ,24.310000 ,29.650000 ,66.080000 ,93.890000 ,52.280000 ,59.920000 ,23.730000 ,25.490000 ,39.030000 ,23.490000 ,65.690000 ,110.760000 ,27.540000 ,3 424.5,8 601.9, - , 475.9,1 040.3, 0.0, 159.7, 283.7, 0.0, 131.0,1 084.0, 0.0, 22.1, 177.8, 0.0
2001.00000 ,68,78.69,75.19,74,83.25,80.81,82.94,70.25,70.12,57.44,66.75,62.5,6.74,5.82,4.52,5.45,5,4.36,7.23,6.52,4.77,4.96,6.89,5.38,16.37,14.85,11.66,9.23,6.34,5.75,5.5,8.39,11.45,15.12,14.55,17.04,0.48,0.44,0.3,0.2,0.11,0.08,0.08,0.13,0.22,0.33,0.37,0.47,175.84,339.77,233.52,209.84,148.83,88.54,60.4,59.74,105.19,141.73,192.09,227.04,303.39,27.770000 ,26.460000 ,21.450000 ,17.150000 ,13.110000 ,11.290000 ,10.110000 ,11.210000 ,15.780000 ,16.590000 ,20.130000 ,23.050000 ,41.820000 ,63.240000 ,74.730000 ,24.140000 ,28.010000 ,36.290000 ,42.350000 ,25.630000 ,27.790000 ,48.620000 ,45.840000 ,19.980000 ,3 670.8,7 867.3, - , 615.4,1 253.3, 0.0, 167.9, 245.7, 0.0, 175.0,1 625.0, 0.0, 26.4, 177.6, 0.0
2002.00000 ,66.25,82.69,72.81,77.69,75.88,71.5,65.38,65.5,57.81,54.12,60.56,65.12,6.54,5.52,4.74,4.89,5.57,5.23,4.91,5.51,5.73,5.32,5.95,6.61,17.63,13.09,12.28,9.7,6.68,5.58,6.7,8.3,11.72,15.26,16.42,17.34,0.51,0.37,0.32,0.21,0.12,0.08,0.1,0.14,0.23,0.34,0.43,0.47,199.72,328.08,215.88,233.38,149.24,97.15,79.82,92.47,116.59,180.36,256.43,306.38,340.83,24.940000 ,23.570000 ,22.290000 ,17.990000 ,13.690000 ,11.070000 ,10.100000 ,11.950000 ,15.540000 ,18.760000 ,23.940000 ,24.260000 ,24.360000 ,81.150000 ,37.820000 ,20.290000 ,19.130000 ,20.360000 ,8.150000 ,16.030000 ,26.500000 ,8.260000 ,16.870000 ,34.810000 ,3 446.0,8 042.8, 210 , 664.7,1 382.3, 168.3, 230.9, 320.4, 146.1, 143.0,1 179.0, 274.0, 28.3, 245.8, 164.0
2003.00000 ,64.25,73.19,72.19,78.62,81.25,80.19,77.94,70.06,57.25,68.12,69.06,69.69,7.39,4.89,4.48,5.52,5.66,4.66,5.26,6.98,6.29,6.16,5.85,5.8,17.34,13.61,12.66,8.55,6.14,6.05,6.18,8.38,11.86,13.87,16.46,16.41,0.48,0.38,0.32,0.19,0.11,0.09,0.09,0.13,0.23,0.3,0.41,0.45,184.74,370.58,249.31,222.26,137.43,95.4,68.27,70.06,94.86,165.65,187.34,254.54,301.18,26.890000 ,25.910000 ,21.120000 ,16.820000 ,14.360000 ,11.570000 ,10.310000 ,11.060000 ,14.760000 ,16.220000 ,21.370000 ,25.460000 ,14.630000 ,79.080000 ,29.840000 ,48.650000 ,32.950000 ,31.160000 ,34.310000 ,58.060000 ,11.200000 ,50.380000 ,38.640000 ,52.210000 ,2 994.8,2 494.9, 248 , 636.4, 428.0, 243.9, 308.3, 149.3, 188.9, 46.0, 435.0, 312.6, 20.5, 163.5, 233.7
2004.00000 ,64.75,69,71.44,70.88,63.31,63.19,71.31,66.5,66.88,70.31,67.19,70.38,5.74,5.05,4.48,4.95,5.55,5.33,7.58,5.69,4.73,6.57,6.18,6.08,17.52,14.78,12.4,9.81,7.46,6.18,6.01,8.38,10.73,14.08,16.32,17.43,0.5,0.43,0.33,0.23,0.13,0.09,0.09,0.14,0.21,0.33,0.42,0.48,185.67,316.99,282.1,234.95,157.31,95.77,65.4,70.74,109.28,133.26,215.9,249.96,296.32,25.610000 ,26.900000 ,22.460000 ,18.160000 ,12.590000 ,10.820000 ,9.600000 ,11.760000 ,14.320000 ,18.830000 ,21.140000 ,23.450000 ,62.630000 ,44.870000 ,34.640000 ,20.100000 ,25.680000 ,28.630000 ,26.650000 ,35.480000 ,28.840000 ,49.370000 ,56.830000 ,75.700000 ,3 983.4,7 288.2, 169 , 951.0,1 955.2, 148.7, 449.2, 610.2, 156.0, 66.0, 550.0, 289.5, 21.8, 177.5, 185.9
2005.00000 ,69,69.88,72.81,72.56,73.25,75.69,77.44,64.88,68.06,66.56,72.31,60.5,5.7,5.69,7.15,4.97,5.08,6.14,7.2,4.95,5.81,5.33,7.88,4.48,17.46,16.38,12.15,10.06,6.67,5.51,6.49,8.65,11.07,13.37,14.71,19.5,0.5,0.46,0.31,0.23,0.12,0.08,0.09,0.14,0.2,0.3,0.38,0.53,188.34,328.83,269.5,235.52,182.04,105.41,67.64,64.59,105.36,116.96,188.39,254.2,341.66,25.780000 ,24.080000 ,21.480000 ,17.180000 ,14.220000 ,12.160000 ,10.910000 ,11.400000 ,14.460000 ,18.960000 ,22.030000 ,25.060000 ,40.140000 ,38.460000 ,21.450000 ,9.230000 ,13.630000 ,94.450000 ,41.130000 ,29.570000 ,59.900000 ,53.360000 ,63.360000 ,28.630000 ,4 256.3,7 537.4, 145 ,1 023.1,1 760.7, 125.4, 399.9, 429.2, 133.0, 51.0, 335.0, 262.1, 25.5, 242.1, 160.6
2006.00000 ,74.81,69.38,71.31,59.62,68.44,80.5,78.44,72.44,68.12,61.81,62.5,67.56,6.3,6.48,4.72,5.24,4.56,5.49,5.3,4.81,7.52,6.3,6.43,6.27,15.43,14.84,12.27,10.33,6.88,5.22,5.92,8.36,11.53,14.04,15.33,15.95,0.46,0.43,0.32,0.23,0.12,0.08,0.09,0.15,0.24,0.34,0.4,0.45,192.87,341.59,279.68,237.46,147.98,91.78,55.79,59.99,106.84,164.59,244.97,279.62,304.1,28.460000 ,26.560000 ,23.450000 ,19.150000 ,11.960000 ,9.590000 ,10.300000 ,11.730000 ,15.910000 ,19.790000 ,22.740000 ,23.990000 ,57.350000 ,30.800000 ,32.800000 ,20.310000 ,7.810000 ,41.060000 ,49.190000 ,16.520000 ,26.460000 ,7.240000 ,33.380000 ,25.960000 ,3 554.1,8 049.0, 143 ,1 103.1,2 336.4, 99.3, 416.4, 633.0, 147.1, 101.0, 992.0, 260.1, 30.6, 211.9, 173.7
2007.00000 ,66.31,77,74.62,76.5,73.56,84.31,80.12,79.44,73.31,63.5,78,76.44,6.13,5.13,6.42,4.89,4.86,7.45,5.51,4.34,4.76,4.74,6.01,5.49,18,15.48,12.48,9.12,7.39,4.95,6.22,8.08,11.53,14.34,16.14,16.27,0.53,0.44,0.34,0.2,0.13,0.06,0.08,0.13,0.22,0.32,0.41,0.45,182.17,321.69,260.99,231.49,158.31,94.56,47.24,67.72,108.84,168.08,256.18,226.45,244.43,26.090000 ,26.590000 ,23.520000 ,19.220000 ,15.610000 ,9.160000 ,9.510000 ,13.000000 ,15.080000 ,19.690000 ,22.260000 ,23.750000 ,46.220000 ,49.110000 ,48.030000 ,32.290000 ,51.010000 ,62.390000 ,16.750000 ,32.690000 ,8.930000 ,28.990000 ,73.920000 ,95.760000 ,3 595.8,2 567.7, 218 , 901.7, 753.0, 223.9, 390.1, 114.6, 300.2, 20.0, 161.0, 337.3, 20.4, 143.2, 227.6
2008.00000 ,73.5,80.25,74.31,75.25,74.19,83.56,75.12,68.94,69.25,67.25,66.88,66,5.52,5.47,4.22,4.71,4.02,5.25,4.56,6.02,6.49,6.46,5.69,5.6,16.42,13.27,13.68,8.92,7.17,5.03,6.32,8.31,11.39,13.54,14.91,17,0.48,0.38,0.35,0.2,0.12,0.08,0.09,0.13,0.23,0.32,0.39,0.47,170.74,290.99,212.53,215.83,139.76,88.21,58.77,73.22,95.29,155.56,213.83,217.94,286.89,25.800000 ,22.640000 ,22.140000 ,17.840000 ,13.680000 ,12.290000 ,9.920000 ,9.900000 ,15.400000 ,19.620000 ,21.030000 ,23.280000 ,73.560000 ,72.750000 ,22.860000 ,27.110000 ,13.060000 ,44.680000 ,28.400000 ,26.130000 ,41.640000 ,31.050000 ,81.890000 ,55.170000 ,4 008.9,2 477.1, 333 ,1 049.0, 814.3, 318.0, 464.4, 193.2, 308.0, 2.1, 17.6, 415.0, 20.0, 176.0, 0.0
2009.00000 ,63.44,75.25,71.5,75.94,73.69,79.25,74.12,60,59.44,68.06,65.62,68.06,5.7,4.73,5.76,5.3,5,4.7,4.62,6.12,7.18,6.38,5.04,6.44,17.8,14.1,13,8.72,6.6,5.33,6.35,8.9,11.71,13.34,16.3,16.2,0.53,0.41,0.34,0.2,0.12,0.08,0.09,0.15,0.23,0.3,0.43,0.45,192.02,338.72,251.91,232.91,140.72,97.45,58.9,72.19,118.86,159.7,213.28,308.98,310.67,26.660000 ,25.590000 ,22.590000 ,18.290000 ,13.920000 ,11.680000 ,10.490000 ,13.150000 ,15.420000 ,17.990000 ,25.520000 ,24.560000 ,24.290000 ,67.990000 ,30.270000 ,52.020000 ,45.210000 ,53.110000 ,22.160000 ,11.310000 ,27.700000 ,39.040000 ,37.620000 ,75.010000 ,4 322.2,6 963.3, 238 , 977.5,1 449.4, 235.6, 273.4, 260.6, 247.5, 7.2, 60.9, 566.0, 14.4, 115.1, 275.1
2010.00000 ,69.38,76.88,69.81,71,75.56,82,84.06,71.19,68.62,72.75,77.56,72.81,6.12,5.38,5.41,3.74,5.16,4.95,4.2,7.81,5.94,6.27,4.95,5.63,16.44,14.94,11.97,9.49,6.42,5.52,5.39,8.8,11.07,12.66,15.32,16.68,0.48,0.44,0.31,0.21,0.11,0.07,0.08,0.14,0.22,0.29,0.4,0.46,144.49,314.48,212.62,185.44,119.87,81.9,53.13,49.85,74.05,102.77,149.87,181.81,208.12,26.380000 ,24.950000 ,21.970000 ,17.670000 ,13.680000 ,10.670000 ,10.170000 ,10.400000 ,14.060000 ,17.400000 ,20.210000 ,22.250000 ,43.020000 ,115.440000 ,75.750000 ,32.960000 ,46.290000 ,27.640000 ,64.580000 ,45.280000 ,52.600000 ,100.990000 ,107.180000 ,106.600000 ,3 982.6,5 349.8, 194 , 950.7,1 236.2, 167.2, 306.9, 210.9, 186.8, 18.4, 194.5, 457.1, 20.0, 172.0, 0.0
2011.00000 ,71.56,66.94,72.88,73.69,76.81,79.12,80.69,81.44,69.88,73.12,74.69,75.62,5.09,7.79,5.3,4.31,5.88,5.12,6.48,6.08,5.3,5.6,4.84,5.27,17.12,14.12,11.69,9.01,6.61,5.56,6.11,7.79,10.97,13.24,14.11,15.77,0.51,0.41,0.31,0.2,0.11,0.08,0.09,0.12,0.21,0.3,0.37,0.42,153.29,273.43,200.86,168.05,123.4,79.37,60.21,67.03,94.36,147.71,171.03,222.44,231.55,26.130000 ,25.340000 ,21.800000 ,17.500000 ,12.160000 ,10.740000 ,9.850000 ,12.930000 ,15.070000 ,18.020000 ,22.410000 ,21.750000 ,85.580000 ,86.520000 ,69.520000 ,32.700000 ,33.750000 ,36.400000 ,23.620000 ,40.690000 ,42.470000 ,39.970000 ,101.670000 ,72.810000 ,3 814.7,10 488.4, 215 , 878.0,2 193.6, 192.6, 321.2, 468.6, 173.3, 75.0, 716.3, 214.0, 23.2, 171.1, 256.1
2012.00000 ,71.94,82.56,81,77.88,75.06,83.12,81.19,65.81,61.25,60.56,69.56,67.06,5.23,4.73,4.91,5.43,4.72,7.26,4.63,7.19,5.71,6.35,4.9,6.66,16.12,14.15,11.97,8.82,7.14,5.03,6.02,8.92,12.24,14.66,15.1,16.11,0.47,0.41,0.31,0.2,0.12,0.07,0.08,0.13,0.23,0.33,0.38,0.45,164.98,260.64,189.96,168.05,131.95,89.99,54.64,61.8,102.95,151.17,203.34,255.47,309.74,24.470000 ,23.270000 ,20.630000 ,16.330000 ,12.530000 ,10.360000 ,9.930000 ,10.910000 ,14.790000 ,18.040000 ,22.940000 ,24.990000 ,90.660000 ,104.730000 ,120.370000 ,24.950000 ,22.240000 ,39.470000 ,44.140000 ,14.210000 ,18.570000 ,15.640000 ,35.250000 ,34.470000 ,3 868.4,8 472.9, 163 , 672.9,1 425.0, 157.5, 236.3, 257.6, 155.3, 101.9, 912.3, 243.3, 21.1, 206.9, 242.2
2013.00000 ,70.31,81.31,77.12,74.38,74.12,85.25,80.38,67.38,60.31,53.62,70.19,64,6.73,5.81,6.07,5.08,4.73,5.26,4.1,5.12,6.18,5.7,5.95,6.25,16.12,14.72,12.76,9.7,7.12,4.91,6.5,9.16,11.86,15.41,15.08,18.36,0.46,0.41,0.33,0.21,0.12,0.08,0.1,0.16,0.25,0.37,0.38,0.51,192.54,360.84,246.12,217.09,139.55,92.05,53.92,67.48,104.55,158.03,250.63,278.51,341.68,27.560000 ,24.960000 ,22.300000 ,18.000000 ,14.020000 ,11.340000 ,11.430000 ,12.480000 ,17.340000 ,18.670000 ,20.990000 ,24.410000 ,59.300000 ,69.690000 ,56.440000 ,15.350000 ,32.200000 ,74.650000 ,29.590000 ,13.380000 ,30.230000 ,12.920000 ,43.640000 ,24.830000 ,3 487.4,7 364.9, 284 , 618.9,1 286.3, 245.5, 233.8, 275.5, 177.7, 113.0,1 157.6, 232.3, 34.0, 261.0, 207.2
2014.00000 ,66.56,73.12,79.12,79.56,71.19,73.94,68.62,78.31,71.75,65.94,65.81,71.88,4.98,5.66,3.66,5.29,5.02,5.38,5.2,6.1,6.05,6.5,5.13,6.67,17.57,14.23,12.05,8.6,7.25,5.55,6.32,7.66,11.62,14.66,16.32,17.04,0.52,0.41,0.31,0.2,0.12,0.08,0.09,0.12,0.22,0.33,0.42,0.47,185.64,367.09,244.92,173.65,131.58,99.98,54.56,71.06,94.31,150.85,249.94,295.03,294.76,26.730000 ,26.120000 ,22.510000 ,18.210000 ,15.030000 ,11.440000 ,10.060000 ,11.310000 ,14.900000 ,20.180000 ,23.820000 ,24.870000 ,19.490000 ,49.670000 ,84.350000 ,45.880000 ,23.110000 ,40.960000 ,14.880000 ,51.330000 ,24.870000 ,15.370000 ,22.450000 ,75.950000 ,3 269.4,6 595.6, 259 , 715.2,1 485.5, 248.3, 267.9, 283.3, 170.5, 73.5, 811.8, 311.6, 22.2, 209.3, 251.0
2015.00000 ,74,75.44,68.75,80.94,81.38,83.12,77.06,72,69.31,64.62,70.06,66.44,4.99,4.78,6.17,8.71,6.61,5.19,5.25,4.71,6.12,5.83,5.39,5.77,17.1,15.17,12.52,8.41,6.54,5.34,6.41,8.41,11.3,14.25,15.26,17.37,0.49,0.42,0.33,0.19,0.12,0.08,0.09,0.14,0.23,0.34,0.41,0.48,178.04,257.71,256.79,251.42,127.41,102.27,59.13,49.64,83.83,135.1,241.95,251.17,320.07,24.890000 ,25.980000 ,22.550000 ,18.250000 ,13.870000 ,10.750000 ,9.290000 ,11.190000 ,13.970000 ,22.020000 ,22.960000 ,25.040000 ,93.450000 ,32.510000 ,19.450000 ,74.920000 ,44.030000 ,49.500000 ,38.330000 ,38.880000 ,15.870000 ,25.460000 ,65.510000 ,43.820000 ,3 166.0,6 653.7, 267 , 882.3,1 868.9, 273.9, 362.2, 350.4, 214.9, 69.3, 687.6, 366.9, 23.4, 245.8, 292.3
2016.00000 ,79.56,70.88,72.56,70.19,60.69,76.94,76.5,74.31,71.62,58.25,61.38,66.06,8.02,6.24,4,5.4,4.9,7.67,5.26,4.84,6.02,4.98,5.29,5.06,15.84,16.82,13.03,9.32,7.35,5.31,6.16,8.09,10.97,14.67,18.58,17.45,0.46,0.48,0.34,0.21,0.13,0.08,0.09,0.14,0.22,0.34,0.48,0.51,166.99,286.31,283.46,243.21,170.18,83.23,46.66,47.43,63.08,92.14,174.81,214.81,298.57,25.560000 ,26.010000 ,24.400000 ,20.100000 ,15.000000 ,11.260000 ,10.950000 ,11.310000 ,13.670000 ,16.500000 ,21.170000 ,25.390000 ,87.060000 ,14.550000 ,27.460000 ,20.030000 ,59.830000 ,112.180000 ,44.440000 ,58.850000 ,117.960000 ,39.940000 ,26.930000 ,53.820000 ,2 932.7,6 897.5, 243 , 966.2,2 527.7, 245.4, 277.8, 382.6, 259.7, 24.7, 262.4, 391.3, 17.4, 169.8, 294.2
2017.00000 ,67.62,69.44,84.62,77.25,73.12,80.44,66.94,61.31,48.38,67,69.94,69.19,5.63,6.01,5.95,4.74,4.36,4.8,4.66,6.21,5.19,5.09,4.95,4.64,16.91,15.34,11.01,9.95,7.2,5.18,6.8,8.92,12.59,13.75,16.83,17.08,0.52,0.45,0.3,0.22,0.12,0.07,0.09,0.14,0.23,0.3,0.42,0.48,176.91,329.17,250.69,213.65,133.33,69.49,54.51,76.38,94.99,147.29,194.04,252.31,307.01,28.140000 ,26.840000 ,24.240000 ,19.940000 ,13.730000 ,10.680000 ,10.340000 ,11.220000 ,15.470000 ,19.650000 ,22.060000 ,25.300000 ,40.200000 ,20.520000 ,96.320000 ,30.240000 ,29.750000 ,24.930000 ,12.150000 ,22.640000 ,5.150000 ,60.220000 ,45.670000 ,68.640000 ,3 248.4,9 819.1, 203 ,1 056.4,2 832.1, 184.5, 327.0, 495.7, 240.4, 82.0, 806.4, 285.1, 22.7, 202.5, 288.0
2018.00000 ,66,66.94,72.81,68,64.88,77.44,60.62,59.31,64.69,76.94,65.5,72.44,6.84,5.57,5.59,4.59,5.53,5.15,5.5,5.16,5.49,5.7,8.13,5.24,17.34,15.83,12.65,10.21,7.41,5.3,6.98,8.69,11.39,12.7,15.98,18.07,0.51,0.45,0.34,0.23,0.12,0.07,0.09,0.14,0.22,0.29,0.4,0.52,188.94,344.89,298.99,256.54,192.18,114.15,72.08,90.31,123.61,172.01,195.37,218.22,,27.840000 ,25.990000 ,23.670000 ,19.370000 ,13.830000 ,10.720000 ,10.410000 ,11.370000 ,14.810000 ,19.820000 ,21.820000 ,26.170000 ,31.580000 ,32.550000 ,31.270000 ,12.800000 ,11.950000 ,27.090000 ,8.860000 ,17.170000 ,16.340000 ,49.630000 ,52.140000 ,40.300000 ,2 793.5,4 702.8, 263 , 763.5,1 304.6, 232.6, 366.0, 229.4, 214.7, 60.1, 628.1, 358.8, 20.2, 190.2, 300.9
2019.00000 ,74.19,67.25,74.25,73.75,66.81,77.88,66.19,61.62,65.19,61.00,55.88,58.69,6.04,5.04,5.75,4.98,5.61,6.45,5.38,6.16,6.06,5.19,5.13,6.15,17.42,16.23,12.03,9.97,7.20,5.30,6.66,8.60,11.61,15.17,16.83,16.89,0.52,0.46,0.31,0.21,0.12,0.07,0.09,0.12,0.21,0.34,0.43,0.46,,,,,,,,,,,,,,30.510000 ,25.910000 ,23.770000 ,19.470000 ,14.250000 ,10.980000 ,11.190000 ,11.050000 ,15.290000 ,19.740000 ,21.870000 ,26.550000 ,28.440000 ,20.920000 ,49.800000 ,19.490000 ,29.900000 ,20.380000 ,15.400000 ,9.120000 ,13.350000 ,10.320000 ,26.190000 ,8.180000 ,2 382.0,1 850.3, 377 , 667.9, 909.1, 331.0, 334.5, 126.3, 334.7, 6.7, 61.2, 457.8, 21.3, 147.4, 400.6
2020.00000 ,71.38,80.94,83.06,79.12,76.50,77.44,77.94,73.38,69.25,72.56,70.75,71.94,7.05,8.29,5.16,4.59,4.96,4.29,6.66,5.83,4.98,6.48,6.41,5.62,15.23,13.53,11.62,9.14,6.73,5.67,5.92,8.78,11.58,13.45,16.66,15.10,0.44,0.38,0.30,0.20,0.11,0.08,0.09,0.14,0.22,0.30,0.44,0.44,,,,,,,,,,,,,,28.010000 ,24.770000 ,21.520000 ,17.220000 ,12.650000 ,10.880000 ,10.260000 ,11.030000 ,15.970000 ,18.880000 ,23.760000 ,23.510000 ,42.350000 ,103.030000 ,75.650000 ,69.620000 ,22.810000 ,25.860000 ,43.540000 ,50.120000 ,34.540000 ,67.460000 ,21.010000 ,83.230000 ,2 132.0,1 772.4, 338 , 885.4, 916.3, 283.0, 264.5, 183.2, 382.9, 4.2, 46.1, 714.5, 9.8, 95.2, 471.1
2021.00000 ,70.38,76.81,78.00,79.44,81.81,81.06,73.75,67.06,64.44,66.25,78.94,76.62,5.41,5.22,7.11,4.69,5.18,6.30,5.20,6.07,5.36,4.91,6.34,5.14,16.55,14.59,10.91,10.22,7.03,5.51,6.32,8.64,11.80,14.86,13.36,17.20,0.49,0.42,0.29,0.23,0.12,0.07,0.08,0.14,0.23,0.33,0.35,0.48,,,,,,,,,,,,,,25.010000 ,24.040000 ,21.140000 ,16.840000 ,13.470000 ,10.960000 ,10.290000 ,12.060000 ,14.730000 ,17.580000 ,20.110000 ,23.650000 ,66.490000 ,67.470000 ,138.110000 ,11.520000 ,29.120000 ,59.900000 ,42.190000 ,27.640000 ,44.260000 ,40.340000 ,136.670000 ,56.860000 ,3 800.0,13 110.0,264.610449 , 950.0,3 230.0, 255.4, 320.2, 496.2, 287.2, 45.1, 450.0, 331.4, 18.0, 176.4, 335.1
,,,,,,,,,,,,,,,,,,,,,,,,,,,,,,,,,,,,,,,,,,,,,,,,,,,,,,,,,,,,,,,,,,,,,,,,,,,,,,,,,,,,,,,,,,,,,,,,,,,,
,,,,,,,,,,,,,,,,,,,,,,,,,,,,,,,,,,,,,,,,,,,,,,,,,,,,,,,,,,,,,,,,,,,,,,,,,,,,,,,,,,,,,,,,,,,,,,,,,,,,
,,,,,,,,,,,,,,,,,,,,,,,,,,,,,,,,,,,,,,,,,,,,,,,,,,,,,,,,,,,,,,,,,,,,,,,,,,,,,,,,,,,,,,,,,,,,,,,,,,,,
