year,Jan_temp,Jan_rain,Jan_humidity,Jan_wind,Jan_uva,Jan_uvb,Jan_eva,Feb_temp,Feb_rain,Feb_humidity,Feb_wind,Feb_uva,Feb_uvb,Feb_eva,Mar_temp,Mar_rain,Mar_humidity,Mar_wind,Mar_uva,Mar_uvb,Mar_eva,Apr_temp,Apr_rain,Apr_humidity,Apr_wind,Apr_uva,Apr_uvb,Apr_eva,May_temp,May_rain,May_humidity,May_wind,May_uva,May_uvb,May_eva,Jun_temp,Jun_rain,Jun_humidity,Jun_wind,Jun_uva,Jun_uvb,Jun_eva,Jul_temp,Jul_rain,Jul_humidity,Jul_wind,Jul_uva,Jul_uvb,Jul_eva,Aug_temp,Aug_rain,Aug_humidity,Aug_wind,Aug_uva,Aug_uvb,Aug_eva,Sep_temp,Sep_rain,Sep_humidity,Sep_wind,Sep_uva,Sep_uvb,Sep_eva,Oct_temp,Oct_rain,Oct_humidity,Oct_wind,Oct_uva,Oct_uvb,Oct_eva,Nov_temp,Nov_rain,Nov_humidity,Nov_wind,Nov_uva,Nov_uvb,Nov_eva,Dec_temp,Dec_rain,Dec_humidity,Dec_wind,Dec_uva,Dec_uvb,Dec_eva,Wheat_Area,Covid,Wheat_Production
2022,30.267028337328668,129.30062369970275,60.858575928318764,4.503227941837286,16.95373103502655,0.5366763406211023,293.6377022041373,28.419956074500003,121.6458792287735,64.67642136825103,4.368128002631258,16.05154025790518,0.5197741792417095,248.60425759088,27.446408183205445,85.29055619315675,64.76134578304844,4.298357498834024,14.7165521145795,0.4440058592799785,261.39548953330717,25.232303863654536,33.16812650578467,61.11996186738645,4.312572583763136,13.545484480307413,0.35220781367352766,202.06304937867282,20.909508987709,20.518724509024825,63.54316462920404,4.317752468316106,10.460153255715543,0.2629839482758489,163.2596858362931,18.026731007822075,19.804908873160063,68.20567466951978,4.411599934686917,9.118792325497571,0.21074664643343957,124.86820017112245,17.064179498959163,13.270764446820424,64.40909683201467,4.533733176041667,9.845793602199969,0.22668864611550746,141.88546620458118,18.30743130843791,11.733167493905201,57.21308974561903,4.686860774780636,12.346348032929974,0.299286790261202,179.56525836762387,21.183364678526317,13.24716083274016,51.9597322369091,4.879822106640838,14.190443826405593,0.37501171022119484,228.4866121820013,25.270969908582153,26.77410471566115,51.34552963239934,4.9278992584106796,17.077129847660803,0.46934185014415875,281.8151764640548,27.7002751724772,49.17789804699809,52.32242008590807,5.116324275018538,18.000102076670206,0.5122421600041593,293.11168286524423,29.363133354852152,84.61881862188078,54.31977502059673,4.442150719724133,18.423723760213793,0.5059347726961663,320.20036233731565,766.7809333240467,1.0,342.85452
2023,29.903630306266837,128.5674696278645,60.52896081513042,4.4271723811423955,16.697390738962067,0.5356519124376864,298.1223392471398,29.419068729878127,128.13164232937214,64.43299882549776,4.3788157372436185,16.37477549607347,0.5182761978358493,246.91142514779403,27.45479564273082,87.94219971618956,62.43789766418824,4.268644620109276,14.84839827811892,0.4513517487669688,255.7946180073149,24.73625465127618,33.69095568192269,61.250414580549965,4.431643364830612,13.234498589996514,0.35105505936659054,203.71196076808846,20.29389391564503,21.539722704837235,64.22787061587024,4.273679042186735,10.851234984348235,0.2510500881488486,164.55107399461215,17.705500664451794,20.435126291766583,68.12936527606676,4.4017289340273225,9.393685360660921,0.21081741402279622,134.79709708692064,17.61299137850968,13.576213087188284,64.44856807004876,4.359521726073136,10.098405182257947,0.2269153089157484,138.5810572690087,18.82092592915863,11.424629697295273,56.63935979025744,4.600389733691199,11.900063235562785,0.29818801240828363,176.9268723520479,22.10750914535683,13.492499579163894,53.49190565506651,5.064285615192438,14.538061172124358,0.38461448401512666,231.04258757137123,25.70613086358828,26.27695606900284,50.125184352326855,5.038670843997058,16.878507014113282,0.47682525720404023,289.7549211390559,28.598956718596558,51.09813896925233,49.41464813827047,4.750960637515033,17.852568089824288,0.5180307372003004,306.9743623497563,29.286146442378115,83.51896012936633,54.734163237456976,4.417468851746224,17.92078304574306,0.5313301869138302,311.88987396892827,764.6406891292869,1.0,533.2
2024,28.570649035260242,130.340654957,62.522834924480414,4.40016977630135,17.574338653165366,0.5455358376232631,305.4533300769998,28.880614790568877,123.10469781532335,64.21639225872707,4.282473761032037,16.803614123774135,0.5260424593723503,249.52230845898745,27.05160697871889,88.11615810556354,62.913299083935925,4.265282754113441,14.9580923576031,0.4515219844065727,259.8711202134649,24.320090688261253,33.54182200573605,61.69101180662239,4.4968535658277755,13.145195031876996,0.3546330494694655,201.41576798985415,20.816216606655182,20.536185948070795,63.85298731886019,4.4490866231655115,10.444068910459059,0.2591552361308435,159.4905677599797,18.099881442645387,19.3565365405334,68.97483471416147,4.37830273146305,9.064303247504233,0.21512115309263094,125.37765770206651,17.303838187563464,13.758674982844019,62.30205081345431,4.4196957291144985,9.889913804404351,0.22722397183560186,136.8413250584553,19.361392037137648,11.649121397360586,55.103295065782106,4.438439496575043,12.483830959029827,0.2999755861206159,177.48465681640204,21.848342915457987,13.525399332960088,52.74098912208578,4.807887612361254,14.906762704689918,0.36845812460311633,227.37094142158392,25.744854157129456,26.24471199125182,49.595132203252795,5.12957142500128,16.568665753270754,0.4713879472023559,287.77391262127077,27.295326844101556,50.18771480769105,50.12490493118463,4.6920824508781775,18.115430277191994,0.50168395583186,299.072165415372,28.48837379014228,86.10339887308078,54.45048688770061,4.483755808306233,17.742776886102245,0.5312988036640746,300.84815086085166,758.4804183138749,1.0,701.4847
2025,29.47693156768777,128.75769742361524,60.289183004237664,4.339197606496118,17.99593441142885,0.5364936002457631,306.7232218830441,28.436407708381672,122.68245233887373,62.9475032766206,4.243306687454631,16.311648269910613,0.5127054111964522,248.90957530662862,27.58723521533785,88.72959687850793,62.49814843721744,4.295640679726022,14.977182104361566,0.43456023477618044,256.43346277092024,24.225682387496054,34.05210751145903,60.4594517625054,4.3392024816800205,12.693496878920737,0.3610210925551107,208.89420724033988,20.60420727355802,21.166087703735474,64.2329647436063,4.3647141624949075,10.886151587477661,0.2613016315719692,163.17788462557743,17.96569951511897,19.957922400260593,66.49002691613717,4.498878053462258,9.112751915023827,0.20551363930224256,134.42312779715397,17.2657421683881,13.410391816512789,64.60709895862823,4.389324509643401,9.948587957854514,0.2172810426389745,143.29652548070476,18.87395939349295,11.942479662280551,55.954069038174715,4.5803569942368165,11.925932523657949,0.286583388623829,179.6225698015791,22.817851804343356,13.485399724354327,53.170884924110126,4.984522010119631,14.896018704373422,0.3840448302237325,227.19705047453965,25.501823991794012,25.51669310416301,48.96712187342499,4.959943302938257,17.159185967268392,0.46233614099980325,282.80709623060176,28.47681425630309,49.074681976689575,50.51264600958571,4.70927505901803,18.09854015104552,0.511994727691111,289.9739425626715,30.247598087138122,86.65110511618492,56.35771043308734,4.342896170045183,18.153264506660378,0.5195734576305004,321.30911061052666,748.4744390102146,1.0,478.82104
2026,29.848237990304845,133.3975405188505,61.04329973751945,4.468357488843104,17.624769799932114,0.5287318305394381,315.67561816810775,28.264930570903637,124.2093722179207,63.351212795280986,4.262555130359937,16.95529398109217,0.504747161265484,249.9809925302685,27.582020722345288,87.87483601699319,63.73671588308703,4.339395520089554,14.690995074217659,0.45388835139585004,261.7978168000268,23.26824965160373,32.71666476824734,63.9976101241254,4.480496111852445,13.556904732979548,0.3449574754525087,195.19937287588922,19.985990575169744,20.256450548829534,63.99115357801408,4.404619183183287,10.624884267419972,0.260100636551359,163.83246738831366,16.900536655804903,19.635475515678333,66.75353565614287,4.429028125393338,9.21926754112231,0.20529369165130654,128.56281266836197,17.186824415804274,13.45679758002618,63.60773501214424,4.488520946368533,10.084954394254538,0.22275813562979455,144.34363030755432,18.529301066347127,11.706142764437514,56.772280018849365,4.689277538269497,11.724080104016961,0.29887597304419516,177.81005294035768,21.4230726802261,13.65436443715683,52.045786814767105,4.74343162416605,14.690634126774908,0.36857140118652426,230.98489578514284,25.433930374898445,27.007934468951667,49.6398672693969,4.875821581308672,16.746754268395893,0.45283843076799174,274.619436226417,27.60310799862404,50.28508503430427,52.08335715790201,4.719538438940471,17.365722115944134,0.5214684555999364,302.93846904494774,29.64842553930394,83.42014570448858,56.02678777249209,4.69070367551102,17.584774883970884,0.5133974137729072,308.28982262358716,777.2980564804284,1.0,402.88663
2027,29.05728555019161,130.5026424623441,60.495250287349776,4.486535990609729,17.269072622522426,0.5318586547204077,302.93455602390105,28.710630323441965,126.1083443160627,64.69899010137031,4.333201813420935,16.88692967966485,0.5155417858909189,251.4658821403668,26.890735772600777,90.34892234246023,61.7142042964723,4.2999290802753185,15.009643079458638,0.4388642502256955,258.3193560194754,23.920686650237155,32.04985764110987,61.67605541027137,4.48397604212647,12.983664189535075,0.35040268238046246,203.44704010139486,20.00133199222593,20.919081001037355,63.53819400812546,4.413922930488194,10.665132504616722,0.2556439174245432,165.05516182852676,17.935240204957825,19.977870241357472,67.44372819232768,4.476120401863602,8.947012406735846,0.20860415180379313,129.74171173959357,17.21832530413656,13.280289697292261,61.617437822839506,4.26868508173778,9.93618723996538,0.23008984515853048,137.30179746694108,18.56029494109402,11.450201843546802,58.80814823375506,4.466633885070679,12.239512752720254,0.28935305043264054,180.18560668507283,21.466526299350573,13.009425394693166,51.681451679028555,4.810610863210507,14.074864546917375,0.39007487891945697,226.4092148720811,25.62502652376904,27.0360128046162,50.00493175830636,4.819503691441716,17.112241695306295,0.455588217626684,289.9951118703769,27.397917584015822,48.36175102730119,51.862003507363944,4.819225832042039,18.29618309097075,0.5246090673066471,292.3871315020927,30.35361958690693,87.20312455804417,54.676172052975446,4.3394633611587174,17.785313685432577,0.5390418096326063,314.3015382199018,739.2059469031774,1.0,494.49173
2028,29.638430587608536,131.03613595108214,62.421824706447985,4.363146568304359,17.501041915506978,0.5237373658749114,303.70482858310476,27.763394011004255,128.6132507426743,65.73438873335645,4.441811043364302,16.577386256142805,0.5198555004682003,242.38379852864603,26.6093272185974,86.6594816246436,64.27770025928949,4.224249625708133,15.147418775120883,0.4363436047318247,265.2090806090715,23.997954165416914,32.90286785690971,64.49130554700494,4.379647275920363,12.802076894188522,0.35594524957618284,201.09201761478195,20.59137036739016,21.399732350574478,62.71802404529235,4.546222005899649,10.578527781740448,0.2592057739370974,162.54716829559484,17.738303267699443,19.910941642363973,67.59369125536476,4.463593577658156,9.619274402977576,0.21047541802199335,130.32420677340852,16.464827787051014,13.930085984112687,63.96871407812618,4.436041839374175,9.534472937701755,0.22006948079062266,141.60807449454532,18.195514883623527,12.058406946581835,59.63221058954631,4.497597312776738,12.17815753862668,0.30023694805528944,182.16021371176964,22.100732712265213,13.309974863619885,50.55692148421522,4.866165035884513,15.097894436253508,0.3789512615186065,220.87513935634837,25.10648076310492,26.154378374429214,49.71441896543125,4.98791430630859,17.025906466410476,0.44771521839944073,290.4068045610538,27.005978794759002,49.16162390485284,50.28171876370825,4.840630331912695,17.948202842332787,0.5254714136488966,298.5107661865989,28.679863986812496,84.34820682925444,54.666519938784006,4.459496712265194,17.94092071097682,0.5206118595233983,308.26798768864916,763.4449568851901,1.0,415.0811
2029,29.54587928133126,129.11781046640712,59.40781875966417,4.413518788514294,17.207529464151936,0.5370583138988044,301.1545628340483,29.420574130589973,122.45542007956902,63.17765803146757,4.3237231356172385,16.94170378711879,0.5151687517978039,240.76480438707588,27.333535275734167,89.72369473178239,62.60210859150962,4.3133462925609445,15.078684337973856,0.4534993624367293,272.20825498670405,23.838261863775013,33.80198046090029,61.20901149940731,4.519414769113785,12.884740791295982,0.3353877494879066,201.1640323862282,20.291218297018588,21.29155076673286,62.552218570604545,4.40813421654218,10.63939419829831,0.2684561395660537,167.5695950567242,17.14177718326096,20.78314954800207,66.2550131938109,4.3366322989252595,9.012750352251818,0.2025872509783243,132.0870407391345,17.122261623365233,13.512342208845357,63.96794835441242,4.357758771010178,10.006520169829892,0.23366439307675635,147.93642919574958,18.731022835928943,11.379085414026108,57.72756891090091,4.66770771582886,11.861110008884078,0.3010099807656825,176.7314195488563,22.382146263037924,13.567252574631091,51.569266296026505,4.791641373367484,14.819536280916056,0.3816287587160492,227.4872707276752,26.001878211784387,26.86558581621891,52.17592334627702,4.788453162149341,17.23618864193188,0.4876475483548374,287.4586912435938,28.39998329318805,48.396339747259844,50.62470911105569,4.801574144305573,17.94872977933153,0.5223529201499757,296.6189207186535,30.066707216204183,81.59349099558906,55.35785855240912,4.449819263540507,18.01084746507294,0.5388649650763522,317.4875741964732,755.966144919533,1.0,609.9805
2030,29.484405388607364,133.26234294444035,60.699217873878126,4.478493916139328,17.718576656674955,0.541264066844989,299.77380772688684,28.938327401077707,131.00540817507147,65.99621940541961,4.344865538684925,17.169878436362445,0.5180797698695393,246.16589571866118,27.470113451398852,86.03335256219867,66.30211184837157,4.306773495023934,14.999791821833506,0.44175515909911317,260.2171477666414,24.178487158110716,32.87782320830063,61.50877328646593,4.327337615287118,12.970237280007913,0.34940583075954074,204.48882159998806,19.517127898253797,20.651630638276725,64.57887598347452,4.4362859253685265,10.59880333898902,0.258901050522615,163.53494338393523,17.68971431473455,20.002575497268765,68.08276786266562,4.517716239166176,8.861246783226305,0.20756436106342363,125.0214600318477,16.663547688861335,13.6545490365147,64.12432848433352,4.282211464141384,10.21876007682636,0.23020445110853013,139.86812107742313,18.46528436917854,11.284697049464063,58.146698264140376,4.538563491077386,12.081039190743574,0.2975856933380922,175.98004348532086,22.612086961119953,13.302419021091195,52.027280835742424,4.642089410972106,14.464870487746927,0.3766756453843234,225.8653044691585,25.9580373045304,25.559036828291607,49.88647949922757,4.9435018682277265,17.032175928364484,0.468519063729994,279.4956004474504,27.192281461296655,50.02522379417809,51.050586073053815,4.7064709458192695,18.833071574289285,0.49592775357978114,289.84822273682875,28.51361728662397,85.11487979248695,53.7260279939021,4.406687952690652,17.938723902461263,0.5435224602498412,324.7886341303015,754.7935363027477,1.0,618.0241
2031,29.378924168326503,128.0925683421283,60.99342762556268,4.233408050826367,17.379402810139926,0.4995917843074755,306.95170968260516,29.334362895211438,129.71155141775935,64.66316392120126,4.160381332440536,15.89641734199709,0.5406062586698278,246.63715203979334,26.90583368586844,86.57807424931757,63.144048951983144,4.33232010719075,14.612588227172601,0.43828601474648987,262.95617396987984,25.113645824302857,32.99736679911549,61.40346167874972,4.468960314934434,12.740039310045361,0.34990604032079564,201.7362041107401,20.52487296862197,21.295276018316905,64.09351485791011,4.365173585868886,10.355100667083251,0.264290289196265,163.166570981628,17.044829907779707,19.380595921697747,67.02495361784102,4.50072188347264,9.19731676139891,0.20576403807524984,129.90300221378502,17.56794024754026,13.160761959873664,63.00915774360133,4.319402744964111,10.048820642515395,0.22569239785629389,141.92386379834562,17.873402528445414,11.30221894196601,56.65294157842918,4.540367570655768,11.821909044014868,0.3009665822394598,179.02115475414544,22.025678305027043,13.156508280576015,52.879483483841426,4.810956621288343,14.53197377334125,0.38295222383919664,224.23740397824457,26.254356734945105,26.1704720883344,49.861930275966614,4.930233409541465,17.04167265486818,0.46558722023292004,283.53420293723445,27.859521513124704,49.756560844030304,51.65446372466958,4.757610041546941,17.797193781026152,0.5208795535917042,295.96094688192727,29.015250046136984,87.71072226865536,55.3220931382917,4.498155241482025,17.728508992136238,0.5195117718909688,318.1531132451871,710.426831128158,1.0,444.80276
2032,29.73720348007876,131.7121692629277,61.5330249995314,4.415976074182209,17.071439364018744,0.5441928315349799,304.3628542735777,28.32711125040461,126.42514611357008,62.791578528609946,4.533764780880469,16.93606132892397,0.5269712319936697,249.77366976041762,26.918927929478805,87.05745774453057,62.487756098436584,4.3653651169522885,14.79295602625548,0.45749201707493453,260.39635709881446,24.480381146910794,32.45757842638106,62.8873350944824,4.417282139849572,13.157103591107347,0.3488514531941607,208.82077371926724,20.52640018867109,20.806364698588062,64.66299302617143,4.333038332463656,10.49014393239646,0.268834785054933,158.67942918638593,17.61468013966392,19.701479728027774,63.817683521086224,4.310208448682402,9.132291037253049,0.21390353711799412,124.159741602489,17.027348186545925,13.481755426271079,64.92114652503372,4.354019810682121,9.854719204547607,0.22757550277029845,142.10194674446456,18.622592881837573,11.681305883923054,56.05672264144966,4.663464388589858,12.487216560133302,0.301357567824281,175.99057553988112,21.34855321786151,13.263734595649764,51.22283844657791,4.9315349253315315,14.573459993552083,0.38128296483101076,233.27002962455768,25.846189112340284,26.473952135595653,50.158346161372066,5.0550028456131795,17.510516297564827,0.46652970210103606,290.5970165284753,27.818446948421144,49.03056992652344,53.24980785623376,4.829161936846772,17.948479216728447,0.5062577345735596,297.1401262584385,29.10756326217203,84.77129886048074,54.63270575687059,4.365043530387608,18.550402644201675,0.5158155336174646,315.62061587209666,739.1222939144059,1.0,380.93494
2033,30.191230949501197,129.08338878354687,61.70611511330926,4.2375542049451385,16.762869380614244,0.5306494673172475,300.97334396656964,29.139816877367156,126.02541156986045,64.84451861512991,4.20815312657833,16.754835510281108,0.5034502191259334,241.44708106434808,27.446879153811004,87.34149001796841,64.06706202343744,4.351694342536499,14.835059734228281,0.43108990030783295,255.82674699185517,24.117524281413843,32.66742286794115,63.00192903780138,4.422692222273504,12.967030357985525,0.35513026211864956,203.57900374609304,20.500936677031362,20.55694853693034,64.70093273018291,4.470772072147935,10.533474730884718,0.2601946965863756,160.81146426777008,17.952372481728872,20.147244182473596,63.88613703605224,4.3745391670962395,9.366079790397055,0.21443325783308884,130.52770929129238,17.04984860972652,13.660514834352286,62.674616505957644,4.415444930211441,10.302386673581193,0.22758181044703044,145.83089954155227,18.121258552825875,11.317485677119938,57.7435013940755,4.621894504363093,12.314983641756456,0.30875616472874834,175.61562047495948,22.63304721994416,13.285860906731763,52.52786116654034,4.738866608450564,14.885724935273586,0.37959334316464494,225.3260008210929,25.755324498645944,25.823519014381333,50.118017084649836,5.030942190388521,17.11787196953702,0.46885220934912125,281.1972552879149,28.212757183997873,49.40238088519334,51.54359048256934,4.932187600643202,18.101319485182763,0.5031073095737153,294.79595864859965,28.5077787667048,86.70776737312197,55.33048633669468,4.3610466408349176,17.93878572860786,0.5262515668101699,320.05682250555896,741.3251510596215,1.0,469.11954
2034,28.912836090700672,127.55318046503636,60.87862133016362,4.324305157400997,16.930801326983346,0.536146939806738,295.69999217022615,29.044169407804052,124.34383077654826,65.56918322885966,4.459567915762477,16.446125191974406,0.5245819903427792,248.43817778213983,27.24090180019941,90.45810878731234,62.40120743925679,4.2546496961358775,14.654728974768974,0.43998944581278676,260.9422931111203,23.705151452329986,33.18722591708431,62.15711000465661,4.464428012569533,12.547183046331101,0.36087341585667015,204.56045788432493,21.04315797320155,20.456184670939546,63.97557666507891,4.446671986191249,10.723790461471602,0.26020990207657596,161.898697713401,17.629930931464322,19.739791697239145,65.78610355118171,4.368453432371638,9.413478098933354,0.20801944951770757,127.87688412163908,17.49793896866125,13.839087520638225,63.16278086054004,4.425278937833423,9.733658857619101,0.231315556558022,140.1364619810326,18.645613753465284,11.573333917615752,56.2021119928862,4.741682666637769,12.231533273511236,0.29626235715414784,175.7743447505107,22.01689693686664,13.116410400654477,50.79029047452309,5.010868929706774,14.27636201256743,0.36981186391019905,228.08046496283742,25.81541106260178,26.12897767384521,50.80505919325013,4.840969949764742,17.51548754957373,0.46886175296708066,281.7230929187514,27.349300394640505,48.36108334544483,51.59609530381892,4.691790087808708,18.033387495100424,0.5023924092378208,305.1070099672383,30.130786587768682,84.64877243745,55.144134318678034,4.468304227326317,18.540092804604242,0.5236368357391528,305.668550043468,771.9989092995276,1.0,726.16974
2035,30.088183956656525,128.7233910531064,62.35198725465319,4.447015973235642,17.257958330335498,0.5382877238745742,301.48235134482474,27.771551624419725,128.25206521443906,64.76849993236758,4.255270175659995,16.77299870499371,0.49527099682737485,249.64034878801414,27.893600366246066,86.6358362629031,64.20971369802561,4.254566527958001,14.856219032451872,0.4569229121207193,263.4951667933424,24.692489887859224,32.15265782265001,63.173080571498836,4.448941326167657,12.770355243616512,0.34932129733549094,210.31022017615084,20.2573456116326,20.120656400495193,66.59837255955038,4.533472569263759,10.779093659555759,0.2670721799891251,159.1620472785269,17.12233038655949,20.147557962664724,69.17426026381968,4.4249108761151135,8.943554419867644,0.21205595613854597,128.70377393781735,16.664957614870044,13.667275489830796,65.04613489024983,4.472242831776816,10.294208460296232,0.2295812142330116,138.80637715709668,19.311172950565865,11.968984009849242,56.729653920035254,4.5505951275048035,12.476420027470342,0.29155577823394935,170.83941517550173,22.195879023661853,13.050214045595807,51.136278272124535,4.876734337599038,14.829135613085386,0.3847056567312636,220.6815473645298,24.906959659974067,26.410254429306946,50.97586802675472,4.871132703642093,16.813425954429785,0.4589870054874807,282.73100171104244,28.260754207212504,49.31802532164138,51.7816523366252,4.84947195079028,17.702744847221382,0.5049277251347304,297.4414118013318,29.97323227080023,84.59993062363624,54.17359599867262,4.597854120446417,17.447618594980405,0.5259860964893132,315.3886658156015,773.0799836566142,1.0,313.08548
2036,29.61668389835138,127.90375843182308,61.527396658419924,4.392904483592786,16.729843097131965,0.5068645271297721,299.86294840636083,28.735354481659755,126.93567720866247,67.41613849967463,4.3855480235656215,16.6844660990879,0.5242224897982598,239.39251700943402,27.435515444446313,85.54815694989108,62.887312565157906,4.283635791728916,14.841485091019216,0.4707531854821525,262.82287350974605,24.119596173632093,33.215961772185665,63.198154343508925,4.256120859359793,12.702535950834156,0.36863140199642525,207.97320633659328,19.792536196737533,21.159336284393497,63.496607862370155,4.32723903101185,10.601147339371925,0.2671153989182817,162.3278258910355,17.441528574995257,20.408072622285164,68.34746373726323,4.437706586518114,9.021550385608906,0.19976515508508236,132.68193157633294,16.482597852541478,13.163080144653927,64.29500532565308,4.323579861647107,9.901736842851815,0.23331914017812505,146.6136845149201,18.171479931727085,11.590701817622305,58.36611455358243,4.732097200712176,12.008324618430859,0.29547537680089503,181.77112148297044,22.82990919400283,13.165726120333785,52.583573371706606,4.77597655127411,14.793970397304125,0.3669929225190532,229.70345642124187,25.27321457227241,26.277620472040812,50.79765319146227,5.053399659068829,17.243501547854905,0.47239939160273897,292.8771483486994,27.950534699818714,47.752552308019595,51.33862098251927,4.776877155525032,18.17709201699745,0.5051359185371147,308.6287931376554,28.867308756107093,87.65546087026104,56.92895614788178,4.568640427679213,18.57399855561704,0.5421796298112961,303.3294511780712,753.1101613112025,1.0,454.3236
2037,29.744344829185252,129.44262975039607,64.16006709436105,4.3703678094606575,17.07423606800787,0.5185432510657001,309.81317900066176,28.830558699391013,130.34115072618243,64.82554815945909,4.373284929895433,16.362394311746723,0.5227548577515954,249.6378090280548,28.450472884327493,89.10113659608676,64.07582820373823,4.2612160413491855,14.776771772285018,0.4474509816568583,259.25534422478677,25.13749284941593,33.328505282192324,63.00255415700573,4.315098015656741,12.787513345126625,0.34816257826707153,207.3673062769722,20.678986478056146,21.28769303243311,64.22777613043026,4.427635585188611,10.748804661063833,0.2645040316411122,160.9278672906235,17.668108264505232,20.24978699044898,67.57329557818831,4.600919011247747,9.031863530661942,0.2060320200229814,124.7528718240328,17.092100780462538,13.63256536704069,63.96261654664311,4.394183301913556,9.703443199296462,0.23531935756043323,143.23469314523217,18.589798334091945,11.3831956629027,57.41525050239457,4.550784065374799,11.93285889941578,0.2921477400886949,177.61515423900732,22.274513233383075,13.373193949371826,51.17903006295802,4.836234354342044,14.890778285120449,0.37650457393563863,225.05919647634394,25.160857927630936,26.43071060485875,49.79250475609474,5.064906564321198,17.212901753321706,0.4632084377485936,281.7449649462422,28.03768359948206,48.79550440342725,53.2035440948191,4.696254432799964,17.999745634571028,0.4881839898240811,292.08133038466434,28.998263716866816,83.11850501415884,54.34570490651551,4.557609302160105,17.50139577165486,0.553740785048562,310.2570406580635,737.9684203993689,1.0,371.19577
2038,28.811691713321473,129.11389003500662,59.29804906942246,4.379545122757893,17.609915598854876,0.5277108001522856,307.9511772576819,28.320572178497947,125.02153901776809,65.57793146133449,4.30866048834133,17.045818301427328,0.5180827621695158,254.40378661402727,27.443034849325862,87.73396578073114,63.528346134952564,4.188815349899468,14.747215577566061,0.45503926605436945,257.64691546710037,24.307687467079965,33.18441535104121,61.25304020031878,4.334259150414135,12.854619101063273,0.3526970156191028,206.73802629527702,20.483262305925393,21.663094626781703,63.48986850822078,4.462812191015792,10.763024436764528,0.25459612590434005,152.98558439438722,17.83308969191585,19.42316918726933,66.57858650881161,4.324111307714895,9.629049171417975,0.20211496166509588,129.30244282800112,17.118737368545368,13.641849661165605,65.86769700050095,4.4131175419977495,10.103277990278453,0.23337937439875328,138.34075300001285,18.648583413272398,11.412004612584902,57.173020980594835,4.478687867891512,11.808580605706721,0.29226663503970207,184.74845159830306,21.615654353566995,13.027518862390883,50.82806775613923,4.8636995888576,14.96591720551052,0.3790934365572373,218.42868945348712,24.421407827328107,26.163145458098406,49.24262449292076,5.1168610474509855,16.94136497637075,0.4725583436686908,278.4410405955976,27.181457612718084,49.31292095741349,52.14010065367996,4.708140037697948,17.346449746860607,0.516937001810647,293.8738522366753,29.22834234306397,85.05288350422809,56.02619932410231,4.63573801747602,17.937398167807032,0.5443758554313166,326.6839425986927,768.0415477687634,1.0,494.07797
2039,29.561556771166256,130.80723951954496,61.90140152076008,4.4803627810624205,17.1603659140392,0.522841473058471,296.04686746276195,28.443621939971923,128.15041114192462,64.44201586482231,4.288803737714098,16.599555478341657,0.5077699856260153,248.10206313660547,26.668918080615406,85.04164248642823,64.14955053181372,4.285693075033014,14.781111355167507,0.43796425699734065,267.905495481405,24.92602610152728,33.39961813257386,60.35453582079074,4.409086204626025,13.046229302017691,0.3546591742803739,202.19370866863053,20.66531639587706,20.81524263868005,63.68034935141835,4.24832718866432,10.60086077728586,0.2637115852201357,166.79210167816038,17.616296953756994,19.635594820446478,66.97426958640152,4.36999675608249,9.200431853307025,0.20694913210777865,130.7112263531094,17.15569072612181,13.75329803171374,63.36924178401356,4.466781392713308,10.135940721763475,0.22714169281431162,140.1536406148078,18.3400975771223,11.18500395069122,57.395440949977974,4.469895775963798,12.060253662194585,0.30689526927817673,184.31448409687712,22.77278804683078,13.105030240453587,52.781030343150896,4.719273910445891,14.217409514748988,0.36391108051897686,232.20900047218322,25.384354713293845,25.795591921702275,49.97521630873647,5.038797470746419,16.700955900503498,0.46807059639709403,287.47976065248207,28.538203694164693,48.1394119689238,51.103787187713095,4.956959691286632,18.308568160415586,0.5231821013817529,296.28991548313047,29.818375413675607,84.05116439976035,55.24099540315221,4.453656735966628,18.25538077526725,0.5316569763529774,301.05235423747934,762.1766774795292,1.0,472.0864
2040,30.357213686420415,131.46497249024864,59.864459676500466,4.467905598444303,17.831312219569572,0.5341630857955761,309.2812283820279,28.89993417491326,126.66901208060037,65.69069314310026,4.222165164989678,16.946532115366043,0.5076247656154779,243.07258299535408,27.048191852620565,88.38396418683769,62.58989874370411,4.202422474608187,14.801507321446334,0.4654207474846503,263.2481199894252,24.460302883072806,32.87428451668161,59.75826892534897,4.49911210301738,12.920903633081451,0.342354445326138,208.09257647056253,20.684351392396863,20.825111901375546,62.81476452092502,4.283000597043023,10.147567006820656,0.2622183325062845,167.78950547547632,17.41766281178812,19.897010405931013,67.87511929959452,4.505239676255689,9.5094946321658,0.2114491207769874,129.9972557024082,16.853873912303772,13.783159151598706,61.31491673514735,4.312436580478111,10.055049464912255,0.23045801588607948,139.29786906707128,18.88549195701393,11.721289716031357,55.76134558459773,4.415470692011612,12.13552839888069,0.29648041136792425,179.0103339401258,21.489093323300306,13.325055464296911,53.78432779859515,4.82538884387582,15.448512982059345,0.38765716731046435,228.89289198764166,25.824201887146902,24.981243689424517,50.90487808961438,5.062806252209774,16.76782127098812,0.47489619943122846,293.3884250064409,28.073573841501815,49.12531753648343,51.461088516168864,4.821186126048691,17.76538397979385,0.5219879677102446,299.2239456886833,28.67098809174789,87.35753173480981,53.816479130174045,4.28437146486235,17.97020363511395,0.5267575395232252,309.89822859224614,760.4427452626156,1.0,329.038
2041,28.845181546657784,129.61234522918232,60.166654917309494,4.336256766736044,17.646699345814202,0.5257790820737429,298.7689218526618,28.62827305360653,124.61387321987435,61.340983209818916,4.2985125231954555,16.471767917634764,0.5220847919365702,244.6295510276396,27.103770882275803,89.43027604461976,62.620491420842676,4.216925933885253,14.683117866585945,0.44160020788198295,265.59184029683286,24.267916204063248,34.170515199197425,59.96538448864017,4.523811188123611,12.948909806533395,0.3563588620653793,215.60940091009618,20.481082103062068,20.72818876615789,65.01331223082654,4.438261545138394,10.674316309662565,0.26225256135259384,165.108705290326,17.35147095460713,19.15547570965146,66.61658962465938,4.501261726979906,9.234480713512324,0.20541446711653882,134.6021568108075,17.062660432708533,13.393149699388424,63.94432753376613,4.388346399375125,10.103261313038905,0.2282916727178421,144.21203292018652,18.823753879778764,11.897623329997653,57.14930029220841,4.452647662208481,11.671944564811003,0.30155592652009916,186.92021148769894,22.23955637131603,13.071227050204097,50.46086581182723,4.838937562125561,14.600612717379557,0.3809201354916254,222.61896003920626,25.600946551423057,26.267037223466772,48.80451268748037,5.1726434529085665,17.203848128994842,0.4706823429223381,279.4129551751397,27.973634266864682,49.48861258694949,51.37391188156357,4.701616768099353,18.32365839542785,0.5172265408668006,299.06809779049,29.36129792363439,81.49349564831338,56.14062484229174,4.547181299333086,18.037586049518048,0.5327167447972533,324.0107125689434,749.177908536136,1.0,473.01627
2042,28.315732240913572,129.92827339099492,63.56996069262495,4.431436739616756,17.051653813434015,0.513069868530236,303.0310029282745,28.074297530002546,131.5840187639465,63.32284650372989,4.397891534483108,16.011643605275342,0.5114506054351169,247.11402558740713,26.242953815813593,87.09922572058221,65.28348587885179,4.218937487103605,14.666067505123262,0.4217069891217129,255.07414311056453,24.29238295595944,33.8444564251848,61.37734514864649,4.48951624671497,12.802733181185516,0.3532736177488047,205.7571353869785,20.19483169520191,21.09341918748867,63.46104027301455,4.415377174234229,10.977071638128534,0.27004140057883697,164.15363612823828,17.71497676008877,20.146786535810698,68.86125013825922,4.330623204729396,9.227176298018357,0.20783002576128307,130.83155770271256,16.76773209710745,13.626681172200769,63.156562118558746,4.26972131662063,10.202943969709432,0.23088374869448725,138.31217849751638,18.420707815716522,11.781947026126899,57.49929043252071,4.4312328685277524,12.459199972375817,0.29216660160415064,183.13098801276752,22.62650512302893,13.00821414840713,51.73790166426759,4.939569784315795,14.43727750659776,0.3718782635466199,225.5324211793866,25.38650084312213,25.9556212962173,50.47959732034796,4.8720311772550815,17.419544997745486,0.45301114980840246,289.74552144409495,28.162510342320495,48.632569939714365,53.054234635919094,4.745525651830917,18.056225336374776,0.5158974933802061,305.93562164831803,28.853615597798566,88.90514773120873,55.652656631634436,4.549209057669101,18.385485797459225,0.5178617232592913,313.18397310775777,779.1404648935162,1.0,668.45105
2043,28.453917317876908,130.74724463414742,63.276145981296715,4.364140996053482,16.68406047773356,0.5377556589452971,309.4962654148079,28.988902618639173,127.47011258038955,63.95841969522494,4.335150796563967,16.634168467189255,0.5264815281362046,244.90236311441382,27.523153679825406,90.51491326890262,65.21100911227333,4.235129140396066,14.77651958444957,0.4478540533102212,265.80022944193405,24.534422648665046,32.78942654671471,60.175213145672224,4.445517359662795,13.176046243136831,0.3542293738728285,202.69408441576644,20.39324881485225,21.028203010030946,64.9819496124492,4.338858930828822,10.551618045695342,0.25593741474716275,163.7353997882127,18.11951513539952,19.758043941776368,69.14940159536195,4.4682459915351345,8.95600667356545,0.215996339932577,126.66361004224179,16.473346580044836,13.818694612121469,63.22882824542625,4.375203583779398,10.06485892333471,0.21671276853702057,144.32865260128565,18.330572259827,11.354714730559845,56.637045924864246,4.602375570735109,11.899847547322977,0.29239915824193596,172.41703678204544,23.016645806802927,12.843235003718055,51.579556941605105,4.621530139544338,15.101938389726014,0.38968331289696106,221.7940635476436,24.70822090120014,26.90404914360297,49.292790408455446,5.069177126231103,17.174771924105947,0.46350686282669595,290.5795649443935,26.5424023345477,51.315360189256786,49.208739210907964,4.782129776050344,18.38541735867796,0.5104617621471246,303.5076888021298,29.350608287622915,86.23303422768493,54.76398384630033,4.505858510300269,17.985887138952155,0.5308553910791906,314.6255386552245,741.7731788274243,1.0,458.9917
2044,29.638759946325873,128.59198665395374,58.87266358503466,4.617476139953155,17.133834025188023,0.5429388745988917,296.0321050718706,28.780539349483302,128.3337347185995,65.07715065809774,4.227092138798244,16.475298089293855,0.5113541456455228,231.62417466597165,27.1886070400653,90.48849794131705,64.62615730872827,4.228286590745703,14.459120889440642,0.4481501068114039,250.9049860677428,24.218202615906367,33.265518190116445,61.63363749516972,4.3440346746705645,12.925475551566649,0.3604534327142037,200.56602879608954,20.355425127616908,20.331517536031683,65.50602167954435,4.475070956941852,10.824777185585345,0.2704599911129365,156.2119345607831,17.792303991925348,19.793332099883738,68.60430583871914,4.364653883194511,9.215598270959314,0.20993999153039858,128.36661185417577,17.193343913716426,13.856516597497558,62.52135278282326,4.302567501549346,10.222307027093393,0.2208443557562771,145.2162113703887,18.12963440994198,11.472799288358441,57.048394207340685,4.513045614350665,11.869993694549983,0.2930566265216863,180.61909854080332,22.366610774192186,13.361926367487547,51.74009893768255,4.771209592279949,14.739030352141095,0.38039995181896635,230.33703460590746,25.753487694078856,26.354128095765002,49.87241507066594,4.995177164424241,17.547261542935598,0.47553036919887925,283.1565874108619,28.112637772421817,48.657148986686906,52.31702411256764,4.760309237619335,17.249602733005386,0.5254442982300839,288.54437187083346,28.535313789917495,85.11161892145978,55.69629907951384,4.498929068789404,18.675007606587297,0.5033724213975272,306.026356846401,745.6858057166143,1.0,503.52042
2045,30.888141174462163,131.83677908780746,60.8700811820519,4.340478429378154,16.98539943741384,0.5372462455928525,303.19578675038537,28.79277937096887,124.05219043129951,64.6704878636193,4.402789813389221,16.135712194590628,0.5140512529014699,254.7249806004113,27.143111042579633,86.56166685404081,62.72980234357134,4.247430392521297,14.242097912116659,0.4398676821768234,260.9145505986178,23.471625509985063,32.87396041075107,63.612165793360305,4.5346677722964515,13.514801932958239,0.3534475154204573,198.89389928327174,20.2336408808306,21.162543313143622,64.11365846356088,4.316287726763492,10.515770195227514,0.25217028503463795,163.63872033335417,17.32020320525131,20.003083151306708,66.32836206728055,4.453122378487175,9.410734269536192,0.21942159519719506,129.0100073129371,16.988055180923226,13.393000845251846,62.356229351742776,4.326569189624547,10.078385801309466,0.23933190444432578,143.17083560477116,19.018352561233094,11.174611937855953,56.91783151598863,4.745622736186911,12.15396263295902,0.2953022478617426,177.38399414255437,22.035591165443854,13.846854467525198,50.31694431578825,4.770288157931445,14.68216066174252,0.3744974368225594,220.55338818511012,25.389903623021453,26.684041639115836,49.76135623278611,4.954369216236249,17.168946427760577,0.46901404540854186,285.7985829665772,29.16995628719612,49.03047888612223,51.90236519910561,4.673800470108526,17.803627410961102,0.5146342554718777,293.3822052234874,29.0048167835493,84.86463783042683,56.57716231495483,4.466774521187151,18.338426665185462,0.5242657124809688,317.86644421402747,745.3626760134686,1.0,514.0444
2046,30.144445501432198,132.1853356251303,61.06197795942636,4.378060876119135,17.279884169442898,0.5236765059837125,295.3930638650041,28.704872334650712,124.92924385089694,65.82618862842878,4.199535571379669,15.992977867579329,0.5256777749730448,245.1739720941878,26.855110845492018,89.29361588754021,65.07508762833581,4.303732743900863,14.72750765875052,0.4491773959448525,258.59759513215783,23.31780448522465,34.164016326094774,61.574669792950054,4.43938596269423,12.765198294328746,0.36094556155053403,205.42461503985538,20.4840665709147,21.20189483807322,63.45922201428217,4.268373694700241,10.526556937844779,0.2551216784362585,159.09605034007626,17.98146709807832,19.629209842446013,66.94350295038116,4.454251029957562,9.244510054439912,0.20748992638878752,132.0737754434139,16.493292603304152,13.439174987802556,62.85887351062403,4.425003843382239,10.139542431744859,0.2302986844129012,139.1911771339869,18.463270840929127,11.65353067868188,57.58823177355555,4.454129491531399,12.128170093348825,0.3021706205815737,182.47553789011647,22.33746808119864,12.803485889251132,51.9585207897544,4.8926208982721375,14.979424498815888,0.3776356191831197,231.20465683698362,25.78049439623615,25.835848436680745,49.751055547730054,4.959600101416917,17.051634077623223,0.4730675584596465,286.7813675866513,27.060271490193763,47.63673356473902,50.98125649471184,4.670924991057272,17.623897388489812,0.5172844865814195,302.33526339941875,29.21983437314396,86.25311604459752,55.1158943519116,4.5090953320084735,17.921493778917696,0.5312091742770514,308.57176234491163,741.9942228854396,1.0,506.62744
2047,30.468115780299293,130.5249172597317,58.53573584814327,4.3748841419810605,17.70406452518173,0.5284783680403619,290.4920155455679,28.90728945168756,126.97456270431805,64.8877485656593,4.321184281147336,16.757208783498665,0.5174611435095943,246.59890618662172,26.55487564383432,84.09322453287031,63.039541926834474,4.3967379822903805,14.442716958074188,0.4586092470511198,259.2820211329893,23.88352564232025,33.2369006114623,59.43065585922168,4.320311647071027,12.986838799350483,0.3436768648275292,204.60956679760878,20.371075816940362,21.06901861948608,64.53830628862511,4.402469994435185,11.117251484087829,0.2612461944215594,160.67443021542454,17.51175334009557,20.46312366687438,67.04288483540209,4.549394575971884,9.297483172199724,0.20014286229031927,131.61243845432418,16.45091125085069,13.713206883484862,64.16585074152397,4.387424155208943,9.896504427303007,0.23515824604396077,141.22043096623756,18.786259235371233,11.24551700802942,58.34913643682302,4.522918542175944,12.45755153144311,0.2996377759811048,180.19892346192933,22.030548964238665,13.35369223488774,50.75610372389692,4.919184077946855,15.247992695625149,0.39454040201767593,230.40607809403173,24.543085339987556,26.235753404472135,50.59874314594958,5.128667872639468,17.10825184944071,0.4644499661464428,286.1950621758475,28.147660656857795,51.11625704672463,50.4080725458176,4.830006822962096,17.80895329644502,0.5030916733374232,294.05178346861067,28.916668951504445,85.25288447126783,56.96873218607779,4.384817506313814,17.542365454195718,0.5248449194912036,310.55372196467727,752.4622200363225,1.0,325.0421
2048,29.54033709575205,136.22164499212914,61.082787609209404,4.366941300761064,16.765080796517815,0.5370770482043932,308.18976516918536,28.486120849611016,125.27952467554444,64.69496830987033,4.2264272255143,16.973472169938965,0.5160892128260345,252.06222336654366,27.03769632467068,88.07489302976201,63.271148395979544,4.209671279068151,15.278134241593513,0.4348180857619132,256.3215968582878,23.834857583707596,32.51631292027443,62.80564633263014,4.375072793280262,13.335504940833244,0.3513334787770769,211.16876172555627,20.43990652297379,20.861360626083677,64.86622558111162,4.406617580337769,10.651308416111034,0.2592899339702243,159.27800108941972,18.07039876997504,20.16238854596046,67.51655024991835,4.262656769391759,9.284621690347626,0.20988455299572067,130.32547661858885,16.56233461745959,13.546055230380665,62.16967183177139,4.337214943757766,9.886428960970196,0.23318175792377516,146.43747427343146,18.377835663053062,11.560265929487542,58.116215215236224,4.651191712605999,12.327728639349383,0.29488653469794923,178.26514842917413,22.58970840314141,12.767721557770134,52.96240787058812,4.794262290021237,14.66492783158917,0.388743844474735,226.49731995803018,26.10722680154871,26.042214716081894,51.414308483473306,4.8438742761336036,17.367881263031585,0.47557824779652125,281.04930639914966,28.779366522501157,50.54531666197804,51.1856804235257,4.7292296233588065,18.476321914197893,0.5059135042992233,296.73763029655095,28.766692669061694,84.2935699758575,56.275100498781946,4.445853072169606,18.102629176797056,0.5453650157218108,300.69340286077744,765.5300864182398,1.0,703.4979
2049,30.306186088798512,132.3809379598701,61.623497307308405,4.418058041008577,17.01697638467913,0.5376589899087001,302.3968710273237,28.155639494445513,128.28751191137158,64.24088868377642,4.235764935774558,17.015731203883877,0.5206042594100317,248.6493910132986,26.680172164378078,86.44555333599197,64.80017663437837,4.417925688414456,15.00557546352131,0.4513449731053237,263.257032947457,24.33271646418227,33.88040207226333,61.48930061586685,4.537920125678406,12.699572389943409,0.3619875888713755,206.51431591749284,19.97477106662049,20.158845295484703,64.9740590514328,4.4781796525870305,10.465827206247958,0.26339256765317554,164.13960732639163,17.519752061164642,19.340928186825113,65.229136715441,4.328116498448436,9.671412085827196,0.20684741198397424,130.67374096976977,17.07365117999349,13.567761013402157,64.29477615607254,4.513281548749691,9.786864768956578,0.22532900100518008,140.03010740298922,18.28307010741459,11.51950101173925,57.21592113140885,4.590196644751012,12.489114093551125,0.3002860334684338,180.8859386294193,22.112635559480566,13.408818178179839,50.1749832712204,4.862133302333413,14.226898507063103,0.3964674144192926,235.59755916943732,25.94058982797791,26.75235946429576,49.55559565042087,5.068639822505879,17.496818085639436,0.46163423415910104,294.33914179881396,27.849483176487638,47.34481469700607,50.60967108295703,4.671121442477804,17.8258175550907,0.4987223921321203,295.87014501921436,29.24774513947394,83.25339927553038,55.32340812898305,4.433115996517955,17.81121618314309,0.554567762309164,302.522116411465,732.4314880492427,1.0,413.514
2050,29.321937014495827,129.70372639873642,61.40818268270759,4.429684058216898,17.264310609876492,0.5419478995978887,297.2554284957226,28.224934367384556,127.87260451347397,64.63901234919038,4.3960493214577925,16.729986851570562,0.521699258113125,245.0665357175106,27.16148052885702,89.47494683199872,63.315898644745104,4.371635887167879,15.16080406643305,0.4380752568333525,261.22788854473436,24.167947835301575,33.72384400525538,61.15054119924806,4.557043666710792,12.75030081075251,0.3525561497500707,209.58112482899512,20.303346401783212,21.004926039238214,62.437881233146825,4.414709591935211,10.911148284523927,0.26498929786140735,172.54486647679627,17.92967649769679,19.884260322918966,68.80691898266578,4.447530359135386,9.075471828882648,0.2018787478301279,130.36116938956673,16.634303678576345,13.877328753470534,62.974235888344786,4.4827705631003445,10.127529297940502,0.22551192428528738,142.50031396157698,18.03448389561736,11.58613869815127,53.588730277829534,4.656803027679976,11.955155793480037,0.28792655664848854,181.4726067237824,22.63300723038285,13.379457868903092,51.24688031651426,4.840258541257192,15.014679649751846,0.3689088968015916,223.73971796403956,25.389374819711303,26.586468578580515,50.08525737109747,5.102398860100308,16.480858724334407,0.4779777279664312,276.4466063654134,27.77559827018047,49.923283364625554,52.10138856593514,4.857109707283125,18.820660678780833,0.5099418041526513,295.2057019270628,28.617358740597666,83.05154766246346,53.26902240799186,4.541992668943543,17.58198749927266,0.5365696103473562,305.2369510465548,756.5211865950926,1.0,339.52222
2051,29.843443182550175,129.05398752821932,58.70365557867215,4.26300868498308,17.539615391949425,0.5281217236714818,292.6362982177611,29.28349455301857,124.77783397520203,65.49668599622309,4.263291756283371,16.554483031140354,0.5169434527524484,247.02476926359157,26.663431023579623,86.2406923866979,63.40752949594498,4.372410137580901,15.008325680513341,0.4601559410129728,259.4545594837601,24.47016295486658,33.18089540595904,61.43269803695235,4.347078418411577,12.707484403723004,0.34450280157114,209.42389551879765,19.951756381926142,20.91772294233972,66.07160528218553,4.4682659410905465,10.733196588743946,0.25538149556666795,162.2689641318143,17.436980916751562,19.650047920918325,65.92796207806826,4.3033258716501885,9.361111603571763,0.20415380413747877,130.5257488379346,17.047922736026063,13.687040140864214,63.861513502317756,4.397019745970358,9.870408815503344,0.22937866145190347,146.1274615952131,18.354435193608275,11.389397679663997,56.89822077713935,4.493573417194473,12.416612057217968,0.29508023424556057,178.33100336719318,22.00140235090346,13.29870223528795,50.94155048303361,4.786189192048564,14.216725164657978,0.3683883078095322,230.57816677650462,25.34578726175443,26.849097563962165,50.943486676705035,5.181920226054698,17.213544098819384,0.4676931092891356,282.5986003614705,28.064546567289693,49.38196364043862,50.62225209201286,4.6424072742468,17.609084049673783,0.5161840606929724,294.97509033110185,29.996226517064272,87.11790946587597,52.79454212325206,4.5384734057710565,18.013552984968257,0.5431469280345325,297.13695618564765,774.2923412309162,1.0,476.4219
