Year,Qld_Jan_humidity,Qld_Feb_humidity,Qld_Mar_humidity,Qld_Apr_humidity,Qld_May_humidity,Qld_Jun_humidity,Qld_Jul_humidity,Qld_Aug_humidity,Qld_Sep_humidity,Qld_Oct_humidity,Qld_Nov_humidity,Qld_Dec_humidity,Qld_Jan_wind,Qld_Feb_wind,Qld_Mar_wind,Qld_Apr_wind,Qld_May_wind,Qld_Jun_wind,Qld_Jul_wind,Qld_Aug_wind,Qld_Sep_wind,Qld_Oct_wind,Qld_Nov_wind,Qld_Dec_wind,Qld_Jan_uva,Qld_Feb_uva,Qld_Mar_uva,Qld_Apr_uva,Qld_May_uva,Qld_Jun_uva,Qld_Jul_uva,Qld_Aug_uva,Qld_Sep_uva,Qld_Oct_uva,Qld_Nov_uva,Qld_Dec_uva,Qld_Jan_uvb,Qld_Feb_uvb,Qld_Mar_uvb,Qld_Apr_uvb,Qld_May_uvb,Qld_Jun_uvb,Qld_Jul_uvb,Qld_Aug_uvb,Qld_Sep_uvb,Qld_Oct_uvb,Qld_Nov_uvb,Qld_Dec_uvb,QLD_year_eva,Qld_Jan_eva,Qld_Feb_eva,Qld_Mar_eva,Qld_Apr_eva,Qld_May_eva,Qld_Jun_eva,Qld_Jul_eva,Qld_Aug_eva,Qld_Sep_eva,Qld_Oct_eva,Qld_Nov_eva,Qld_Dec_eva,Qld_Jan_temp,Qld_Feb_temp,Qld_Mar_temp,Qld_Apr_temp,Qld_May_temp,Qld_Jun_temp,Qld_Jul_temp,Qld_Aug_temp,Qld_Sep_temp,Qld_Oct_temp,Qld_Nov_temp,Qld_Dec_temp,Qld_Jan_rain,Qld_Feb_rain,Qld_Mar_rain,Qld_Apr_rain,Qld_May_rain,Qld_Jun_rain,Qld_Jul_rain,Qld_Aug_rain,Qld_Sep_rain,Qld_Oct_rain,Qld_Nov_rain,Qld_Dec_rain,Qld_Wheat_Area,Qld_Wheat_Production,Qld_wheat_price,Qld_Barley_Area,Qld_Barley_Production,Qld_Barely_price,Qld_Rice_Area,Qld_Rice_Production,Qld_Rice_price,Qld_Oats_Area,Qld_Oats_Production,Qld_Oats_price,Qld_Corn (maize)_Area,Qld_Corn (maize)_Production,Qld_Corn_price
1990.00000 ,39.44000 ,42.25000 ,63.94000 ,85.06000 ,84.88000 ,83.44000 ,78.12000 ,61.00000 ,52.81000 ,38.88000 ,31.19000 ,47.38000 ,9.03000 ,8.92000 ,11.90000 ,8.32000 ,7.22000 ,7.35000 ,8.92000 ,11.14000 ,8.86000 ,12.18000 ,8.77000 ,10.27000 ,0.00000 ,0.00000 ,0.00000 ,0.00000 ,0.00000 ,0.00000 ,0.00000 ,0.00000 ,0.00000 ,0.00000 ,0.00000 ,0.00000 ,0.00000 ,0.00000 ,0.00000 ,0.00000 ,0.00000 ,0.00000 ,0.00000 ,0.00000 ,0.00000 ,0.00000 ,0.00000 ,0.00000 ,225.03583 ,315.24000 ,289.12000 ,242.80000 ,145.23000 ,138.57000 ,109.33000 ,128.30000 ,170.97000 ,220.85000 ,268.04000 ,337.48000 ,334.50000 ,30.24000 ,28.47000 ,26.95000 ,22.99000 ,20.38000 ,16.43000 ,16.72000 ,16.62000 ,20.32000 ,24.91000 ,28.53000 ,30.06000 ,48.98000 ,38.73000 ,138.50000 ,144.05000 ,69.86000 ,38.62000 ,10.56000 ,3.71000 ,4.81000 ,13.22000 ,11.77000 ,81.72000 ,894.30000 ,1420.00000 ,160.14085 ,179.40000 ,320.70000 ,139.69442 ,5.00000 ,30.00000 ,180.00000 ,15.40000 ,27.10000 ,81.18081 ,34.20000 ,114.60000 ,155.32286 
1991.00000 ,59.00000 ,57.19000 ,40.69000 ,43.00000 ,59.12000 ,52.38000 ,54.62000 ,40.94000 ,28.62000 ,33.38000 ,40.31000 ,43.25000 ,11.12000 ,9.70000 ,9.09000 ,9.06000 ,7.43000 ,7.15000 ,8.31000 ,9.48000 ,10.48000 ,9.70000 ,9.30000 ,8.87000 ,0.00000 ,0.00000 ,0.00000 ,0.00000 ,0.00000 ,0.00000 ,0.00000 ,0.00000 ,0.00000 ,0.00000 ,0.00000 ,0.00000 ,0.00000 ,0.00000 ,0.00000 ,0.00000 ,0.00000 ,0.00000 ,0.00000 ,0.00000 ,0.00000 ,0.00000 ,0.00000 ,0.00000 ,221.00000 ,234.44000 ,180.23000 ,258.03000 ,199.54000 ,164.99000 ,123.34000 ,139.29000 ,188.54000 ,242.16000 ,307.37000 ,299.37000 ,314.70000 ,27.82000 ,27.79000 ,26.65000 ,23.33000 ,20.40000 ,18.39000 ,15.79000 ,17.93000 ,21.53000 ,25.73000 ,28.38000 ,28.28000 ,276.01000 ,233.90000 ,18.43000 ,10.64000 ,16.93000 ,8.88000 ,9.93000 ,0.52000 ,0.57000 ,9.89000 ,37.81000 ,75.80000 ,1060.30000 ,1973.20000 ,94.51652 ,176.90000 ,360.80000 ,106.70732 ,4.00000 ,21.00000 ,195.23810 ,24.20000 ,5.20000 ,1038.46154 ,29.30000 ,94.90000 ,149.63119 
1992.00000 ,37.75000 ,59.81000 ,53.06000 ,56.62000 ,63.69000 ,63.31000 ,56.25000 ,46.19000 ,44.00000 ,39.31000 ,38.75000 ,50.06000 ,8.38000 ,10.23000 ,9.37000 ,8.64000 ,8.34000 ,6.64000 ,8.77000 ,12.45000 ,9.98000 ,9.29000 ,10.72000 ,9.40000 ,0.00000 ,0.00000 ,0.00000 ,0.00000 ,0.00000 ,0.00000 ,0.00000 ,0.00000 ,0.00000 ,0.00000 ,0.00000 ,0.00000 ,0.00000 ,0.00000 ,0.00000 ,0.00000 ,0.00000 ,0.00000 ,0.00000 ,0.00000 ,0.00000 ,0.00000 ,0.00000 ,0.00000 ,228.57917 ,352.38000 ,226.72000 ,258.78000 ,215.98000 ,145.05000 ,122.62000 ,142.37000 ,186.86000 ,215.90000 ,283.42000 ,297.85000 ,295.02000 ,29.60000 ,28.25000 ,27.19000 ,24.49000 ,20.75000 ,16.40000 ,16.35000 ,18.75000 ,21.90000 ,24.18000 ,26.49000 ,27.87000 ,58.38000 ,168.25000 ,30.30000 ,18.37000 ,42.27000 ,2.98000 ,6.83000 ,11.79000 ,20.15000 ,17.29000 ,30.34000 ,102.17000 ,491.70000 ,343.70000 ,181.84463 ,127.80000 ,70.10000 ,171.18402 ,4.00000 ,28.00000 ,196.42857 ,15.00000 ,9.70000 ,92.78351 ,33.70000 ,141.20000 ,144.47592 
1993.00000 ,52.56000 ,47.19000 ,39.31000 ,44.19000 ,51.75000 ,61.44000 ,66.56000 ,52.62000 ,55.81000 ,45.56000 ,49.06000 ,50.88000 ,9.24000 ,7.81000 ,8.00000 ,7.59000 ,9.02000 ,8.23000 ,8.27000 ,8.55000 ,9.71000 ,10.77000 ,8.84000 ,10.26000 ,0.00000 ,0.00000 ,0.00000 ,0.00000 ,0.00000 ,0.00000 ,0.00000 ,0.00000 ,0.00000 ,0.00000 ,0.00000 ,0.00000 ,0.00000 ,0.00000 ,0.00000 ,0.00000 ,0.00000 ,0.00000 ,0.00000 ,0.00000 ,0.00000 ,0.00000 ,0.00000 ,0.00000 ,228.11417 ,272.79000 ,225.09000 ,282.15000 ,235.75000 ,167.14000 ,138.97000 ,133.15000 ,185.01000 ,222.84000 ,275.73000 ,294.99000 ,303.76000 ,29.01000 ,28.37000 ,26.89000 ,24.65000 ,21.33000 ,17.59000 ,18.57000 ,18.76000 ,21.64000 ,24.61000 ,27.86000 ,28.13000 ,108.15000 ,127.16000 ,27.36000 ,7.38000 ,12.29000 ,11.09000 ,30.69000 ,20.64000 ,21.34000 ,24.57000 ,42.72000 ,70.86000 ,669.20000 ,735.20000 ,154.65180 ,189.30000 ,285.20000 ,138.14867 ,2.00000 ,12.00000 ,191.66667 ,14.80000 ,7.79200 ,269.50719 ,27.20000 ,74.60000 ,195.71046 
1994.00000 ,39.19000 ,65.25000 ,67.12000 ,53.56000 ,44.12000 ,56.25000 ,49.94000 ,42.38000 ,28.56000 ,36.62000 ,42.69000 ,41.31000 ,8.57000 ,9.69000 ,9.07000 ,7.54000 ,7.77000 ,8.34000 ,10.15000 ,8.74000 ,9.85000 ,11.79000 ,11.45000 ,8.07000 ,0.00000 ,0.00000 ,0.00000 ,0.00000 ,0.00000 ,0.00000 ,0.00000 ,0.00000 ,0.00000 ,0.00000 ,0.00000 ,0.00000 ,0.00000 ,0.00000 ,0.00000 ,0.00000 ,0.00000 ,0.00000 ,0.00000 ,0.00000 ,0.00000 ,0.00000 ,0.00000 ,0.00000 ,232.92917 ,337.37000 ,209.64000 ,216.08000 ,214.06000 ,168.99000 ,130.51000 ,154.10000 ,191.39000 ,243.47000 ,293.51000 ,312.43000 ,323.60000 ,30.68000 ,28.23000 ,25.05000 ,23.18000 ,19.89000 ,16.75000 ,16.34000 ,17.08000 ,20.71000 ,24.93000 ,27.47000 ,29.10000 ,70.02000 ,130.55000 ,108.10000 ,10.23000 ,6.51000 ,8.60000 ,4.81000 ,2.01000 ,2.19000 ,17.94000 ,33.22000 ,37.99000 ,555.50000 ,555.40000 ,150.70220 ,232.21700 ,260.53900 ,137.40745 ,0.00000 ,0.00000 ,0.00000 ,15.88300 ,3.16200 ,411.13219 ,27.61800 ,87.11800 ,203.17271 
1995.00000 ,52.50000 ,64.00000 ,41.75000 ,44.19000 ,63.62000 ,63.38000 ,52.88000 ,50.94000 ,43.50000 ,46.19000 ,49.12000 ,42.88000 ,12.67000 ,9.22000 ,8.20000 ,8.30000 ,8.70000 ,8.48000 ,10.99000 ,8.58000 ,10.03000 ,9.74000 ,9.78000 ,11.66000 ,0.00000 ,0.00000 ,0.00000 ,0.00000 ,0.00000 ,0.00000 ,0.00000 ,0.00000 ,0.00000 ,0.00000 ,0.00000 ,0.00000 ,0.00000 ,0.00000 ,0.00000 ,0.00000 ,0.00000 ,0.00000 ,0.00000 ,0.00000 ,0.00000 ,0.00000 ,0.00000 ,0.00000 ,228.37583 ,299.75000 ,213.61000 ,262.23000 ,217.76000 ,151.41000 ,137.96000 ,144.57000 ,188.90000 ,231.90000 ,266.53000 ,303.43000 ,322.46000 ,29.24000 ,27.72000 ,27.24000 ,23.32000 ,20.48000 ,17.70000 ,16.46000 ,18.73000 ,22.51000 ,24.65000 ,28.43000 ,28.82000 ,118.44000 ,140.21000 ,82.22000 ,16.00000 ,35.08000 ,11.50000 ,2.28000 ,18.44000 ,13.61000 ,37.96000 ,61.84000 ,68.47000 ,400.70000 ,225.10000 ,242.11462 ,93.47700 ,72.84500 ,216.89889 ,0.00000 ,0.00000 ,0.00000 ,13.66300 ,6.88300 ,101.69984 ,27.17900 ,79.88600 ,234.08357 
1996.00000 ,66.00000 ,49.56000 ,45.12000 ,43.19000 ,65.50000 ,63.56000 ,57.38000 ,53.50000 ,38.62000 ,56.19000 ,37.69000 ,52.56000 ,12.80000 ,8.24000 ,7.70000 ,9.57000 ,9.72000 ,10.38000 ,11.00000 ,9.00000 ,12.02000 ,8.45000 ,11.88000 ,10.38000 ,0.00000 ,0.00000 ,0.00000 ,0.00000 ,0.00000 ,0.00000 ,0.00000 ,0.00000 ,0.00000 ,0.00000 ,0.00000 ,0.00000 ,0.00000 ,0.00000 ,0.00000 ,0.00000 ,0.00000 ,0.00000 ,0.00000 ,0.00000 ,0.00000 ,0.00000 ,0.00000 ,0.00000 ,228.67333 ,256.00000 ,284.01000 ,248.89000 ,214.56000 ,161.35000 ,129.64000 ,142.19000 ,169.67000 ,240.85000 ,255.08000 ,325.53000 ,316.31000 ,28.65000 ,28.30000 ,26.76000 ,24.36000 ,20.78000 ,19.55000 ,16.42000 ,18.69000 ,21.63000 ,24.92000 ,27.00000 ,29.26000 ,168.58000 ,57.60000 ,86.76000 ,33.16000 ,35.02000 ,12.78000 ,25.03000 ,20.69000 ,16.50000 ,53.15000 ,26.24000 ,85.02000 ,626.50000 ,519.50000 ,228.29644 ,167.84700 ,195.02800 ,188.17811 ,0.00000 ,0.00000 ,0.00000 ,14.10300 ,25.72400 ,46.64904 ,30.96800 ,113.60000 ,198.06338 
1997.00000 ,50.62000 ,77.88000 ,63.75000 ,49.69000 ,62.38000 ,67.38000 ,60.94000 ,45.62000 ,43.12000 ,45.25000 ,52.06000 ,58.19000 ,8.17000 ,7.97000 ,9.40000 ,7.31000 ,8.47000 ,10.14000 ,8.71000 ,8.43000 ,9.22000 ,9.26000 ,8.12000 ,9.61000 ,0.00000 ,0.00000 ,0.00000 ,0.00000 ,0.00000 ,0.00000 ,0.00000 ,0.00000 ,0.00000 ,0.00000 ,0.00000 ,0.00000 ,0.00000 ,0.00000 ,0.00000 ,0.00000 ,0.00000 ,0.00000 ,0.00000 ,0.00000 ,0.00000 ,0.00000 ,0.00000 ,0.00000 ,211.49917 ,279.09000 ,206.08000 ,222.68000 ,205.59000 ,136.82000 ,122.37000 ,143.81000 ,171.42000 ,223.39000 ,287.69000 ,279.62000 ,259.43000 ,28.12000 ,28.37000 ,25.92000 ,23.24000 ,19.78000 ,16.90000 ,16.51000 ,17.75000 ,22.95000 ,25.40000 ,28.06000 ,29.62000 ,133.07000 ,162.92000 ,109.22000 ,6.92000 ,33.19000 ,8.48000 ,5.27000 ,5.13000 ,15.13000 ,19.15000 ,50.27000 ,137.35000 ,979.70000 ,1979.50000 ,166.15307 ,180.21400 ,428.59700 ,134.39198 ,0.00000 ,0.00000 ,0.00000 ,39.38700 ,13.00700 ,322.90305 ,34.21000 ,129.89200 ,183.22914 
1998.00000 ,49.06000 ,57.19000 ,40.44000 ,61.69000 ,69.81000 ,64.62000 ,72.00000 ,70.81000 ,69.19000 ,51.88000 ,51.19000 ,44.75000 ,9.29000 ,7.11000 ,7.74000 ,8.36000 ,6.16000 ,9.21000 ,9.60000 ,11.73000 ,8.99000 ,9.41000 ,9.88000 ,8.89000 ,0.00000 ,0.00000 ,0.00000 ,0.00000 ,0.00000 ,0.00000 ,0.00000 ,0.00000 ,0.00000 ,0.00000 ,0.00000 ,0.00000 ,0.00000 ,0.00000 ,0.00000 ,0.00000 ,0.00000 ,0.00000 ,0.00000 ,0.00000 ,0.00000 ,0.00000 ,0.00000 ,0.00000 ,207.83250 ,265.10000 ,232.58000 ,263.47000 ,187.47000 ,137.05000 ,122.89000 ,128.93000 ,159.53000 ,193.90000 ,259.25000 ,250.99000 ,292.83000 ,29.28000 ,29.61000 ,28.06000 ,24.82000 ,20.78000 ,17.63000 ,17.69000 ,19.53000 ,23.25000 ,25.84000 ,26.95000 ,28.71000 ,152.60000 ,112.22000 ,59.26000 ,65.78000 ,34.81000 ,29.40000 ,31.94000 ,43.30000 ,44.38000 ,44.69000 ,82.92000 ,81.16000 ,1001.40000 ,1392.10000 ,0.00000 ,135.25800 ,204.48000 ,0.00000 ,0.00000 ,0.00000 ,0.00000 ,15.99100 ,15.31200 ,0.00000 ,33.57700 ,96.85500 ,0.00000 
1999.00000 ,58.94000 ,57.50000 ,60.94000 ,56.75000 ,64.31000 ,66.25000 ,67.19000 ,56.56000 ,44.44000 ,49.38000 ,54.81000 ,49.31000 ,8.08000 ,9.13000 ,8.62000 ,6.93000 ,8.69000 ,9.61000 ,9.17000 ,7.85000 ,11.09000 ,8.81000 ,9.78000 ,8.20000 ,0.00000 ,0.00000 ,0.00000 ,0.00000 ,0.00000 ,0.00000 ,0.00000 ,0.00000 ,0.00000 ,0.00000 ,0.00000 ,0.00000 ,0.00000 ,0.00000 ,0.00000 ,0.00000 ,0.00000 ,0.00000 ,0.00000 ,0.00000 ,0.00000 ,0.00000 ,0.00000 ,0.00000 ,202.02833 ,246.98000 ,217.96000 ,206.82000 ,169.60000 ,146.05000 ,124.48000 ,135.65000 ,180.91000 ,231.51000 ,272.02000 ,236.15000 ,256.21000 ,29.36000 ,28.59000 ,27.25000 ,22.66000 ,20.87000 ,17.44000 ,16.92000 ,18.79000 ,22.38000 ,26.30000 ,25.42000 ,26.80000 ,155.94000 ,128.18000 ,117.80000 ,52.41000 ,17.01000 ,17.00000 ,12.56000 ,8.13000 ,5.80000 ,27.35000 ,120.39000 ,117.68000 ,1138.80000 ,1941.20000 ,0.00000 ,163.29400 ,320.39200 ,0.00000 ,0.00000 ,0.00000 ,0.00000 ,18.13200 ,11.78000 ,0.00000 ,36.73100 ,144.90900 ,0.00000 
2000.00000 ,50.50000 ,62.75000 ,55.62000 ,66.69000 ,68.50000 ,68.62000 ,54.75000 ,53.94000 ,35.81000 ,47.56000 ,67.81000 ,54.38000 ,8.54000 ,9.20000 ,7.98000 ,9.79000 ,9.85000 ,8.07000 ,8.38000 ,9.08000 ,12.65000 ,10.12000 ,8.48000 ,8.16000 ,0.00000 ,0.00000 ,0.00000 ,0.00000 ,0.00000 ,0.00000 ,0.00000 ,0.00000 ,0.00000 ,0.00000 ,0.00000 ,0.00000 ,0.00000 ,0.00000 ,0.00000 ,0.00000 ,0.00000 ,0.00000 ,0.00000 ,0.00000 ,0.00000 ,0.00000 ,0.00000 ,0.00000 ,194.81500 ,296.67000 ,211.29000 ,207.66000 ,156.94000 ,134.14000 ,112.24000 ,126.89000 ,169.01000 ,234.16000 ,251.39000 ,210.98000 ,226.41000 ,28.34000 ,27.62000 ,26.94000 ,24.15000 ,19.51000 ,15.98000 ,16.13000 ,18.42000 ,23.03000 ,24.83000 ,26.35000 ,27.19000 ,75.46000 ,208.59000 ,69.19000 ,88.57000 ,28.00000 ,26.81000 ,2.70000 ,9.67000 ,0.80000 ,69.26000 ,133.94000 ,182.96000 ,1096.00000 ,1904.00000 ,0.00000 ,129.88400 ,253.78600 ,0.00000 ,0.00000 ,0.00000 ,0.00000 ,9.96800 ,5.85500 ,0.00000 ,59.38600 ,223.61900 ,0.00000 
2001.00000 ,48.38000 ,55.56000 ,51.19000 ,49.94000 ,47.50000 ,60.69000 ,57.81000 ,48.44000 ,45.50000 ,38.62000 ,50.38000 ,40.81000 ,7.74000 ,7.60000 ,8.37000 ,7.69000 ,8.51000 ,7.33000 ,7.81000 ,10.13000 ,8.56000 ,9.80000 ,11.04000 ,8.97000 ,19.34000 ,18.21000 ,14.75000 ,12.62000 ,10.52000 ,8.24000 ,8.66000 ,11.79000 ,13.91000 ,15.38000 ,16.76000 ,18.28000 ,0.59000 ,0.56000 ,0.43000 ,0.33000 ,0.23000 ,0.16000 ,0.17000 ,0.25000 ,0.32000 ,0.40000 ,0.46000 ,0.54000 ,215.25167 ,281.41000 ,231.64000 ,239.75000 ,206.18000 ,156.40000 ,130.28000 ,130.58000 ,169.19000 ,220.00000 ,246.72000 ,262.07000 ,308.80000 ,29.06000 ,28.29000 ,27.59000 ,24.27000 ,18.88000 ,18.77000 ,16.38000 ,17.63000 ,22.19000 ,24.54000 ,27.10000 ,29.61000 ,71.87000 ,134.70000 ,75.92000 ,19.62000 ,4.50000 ,16.81000 ,14.02000 ,1.72000 ,5.51000 ,35.84000 ,67.00000 ,62.21000 ,884.90000 ,1157.00000 ,0.00000 ,111.94900 ,114.98500 ,0.00000 ,0.00000 ,0.00000 ,0.00000 ,12.76700 ,7.46200 ,0.00000 ,46.55900 ,159.06100 ,0.00000 
2002.00000 ,45.88000 ,49.50000 ,44.75000 ,47.12000 ,46.62000 ,57.69000 ,43.50000 ,51.81000 ,33.62000 ,29.50000 ,33.38000 ,37.81000 ,9.23000 ,8.29000 ,8.11000 ,8.22000 ,9.91000 ,10.76000 ,8.52000 ,9.63000 ,9.45000 ,10.81000 ,8.98000 ,10.56000 ,17.49000 ,16.62000 ,15.85000 ,13.04000 ,9.85000 ,8.43000 ,9.67000 ,10.54000 ,14.26000 ,18.20000 ,18.70000 ,19.32000 ,0.52000 ,0.52000 ,0.45000 ,0.34000 ,0.22000 ,0.16000 ,0.20000 ,0.23000 ,0.35000 ,0.48000 ,0.52000 ,0.55000 ,247.80333 ,290.44000 ,253.66000 ,278.33000 ,216.98000 ,175.51000 ,144.58000 ,147.28000 ,180.34000 ,246.74000 ,314.71000 ,348.13000 ,376.94000 ,29.40000 ,29.13000 ,27.24000 ,25.29000 ,20.51000 ,17.47000 ,16.07000 ,18.30000 ,22.72000 ,25.78000 ,29.02000 ,29.59000 ,107.20000 ,131.24000 ,36.25000 ,10.97000 ,7.68000 ,15.46000 ,1.47000 ,17.19000 ,3.15000 ,3.98000 ,12.58000 ,37.84000 ,604.40000 ,901.40000 ,217.99423 ,96.41400 ,170.72500 ,180.40709 ,0.00000 ,0.00000 ,0.00000 ,10.58500 ,3.53800 ,480.49746 ,53.25500 ,198.35800 ,195.10179 
2003.00000 ,34.88000 ,66.81000 ,54.81000 ,60.31000 ,59.19000 ,61.25000 ,59.94000 ,55.06000 ,33.25000 ,39.75000 ,37.62000 ,47.94000 ,7.58000 ,9.86000 ,9.61000 ,8.19000 ,8.53000 ,8.62000 ,8.41000 ,11.80000 ,11.92000 ,13.98000 ,8.63000 ,9.02000 ,18.71000 ,14.70000 ,15.16000 ,12.41000 ,10.02000 ,8.09000 ,9.32000 ,11.39000 ,15.54000 ,16.66000 ,19.15000 ,19.08000 ,0.57000 ,0.45000 ,0.44000 ,0.31000 ,0.22000 ,0.16000 ,0.18000 ,0.25000 ,0.37000 ,0.43000 ,0.52000 ,0.55000 ,237.67083 ,331.44000 ,237.24000 ,245.60000 ,215.38000 ,171.38000 ,126.45000 ,154.09000 ,181.22000 ,246.98000 ,295.45000 ,331.58000 ,315.24000 ,29.76000 ,29.11000 ,26.52000 ,24.74000 ,21.09000 ,18.29000 ,17.22000 ,19.29000 ,23.16000 ,25.20000 ,27.87000 ,29.93000 ,70.63000 ,168.03000 ,68.57000 ,26.18000 ,14.47000 ,18.83000 ,9.72000 ,16.47000 ,0.84000 ,22.92000 ,14.37000 ,92.83000 ,514.40000 ,600.90000 ,264.27026 ,107.86500 ,148.30600 ,271.06118 ,0.00000 ,0.00000 ,0.00000 ,9.40000 ,4.90300 ,285.53947 ,27.59400 ,130.91900 ,194.77692 
2004.00000 ,61.94000 ,59.38000 ,53.19000 ,50.00000 ,52.50000 ,53.69000 ,51.25000 ,40.69000 ,43.62000 ,30.81000 ,46.38000 ,52.69000 ,12.18000 ,10.55000 ,9.68000 ,9.20000 ,7.72000 ,7.84000 ,7.89000 ,10.27000 ,10.21000 ,10.34000 ,9.99000 ,10.96000 ,18.80000 ,18.03000 ,16.16000 ,12.81000 ,10.16000 ,9.29000 ,9.65000 ,12.03000 ,14.79000 ,17.36000 ,18.09000 ,18.25000 ,0.57000 ,0.55000 ,0.47000 ,0.34000 ,0.23000 ,0.20000 ,0.20000 ,0.28000 ,0.37000 ,0.46000 ,0.50000 ,0.53000 ,226.79333 ,283.14000 ,226.72000 ,257.23000 ,213.07000 ,155.88000 ,138.04000 ,147.59000 ,187.35000 ,221.38000 ,298.76000 ,293.15000 ,299.21000 ,29.82000 ,28.94000 ,27.77000 ,24.92000 ,20.79000 ,17.30000 ,16.78000 ,17.74000 ,21.37000 ,26.39000 ,27.68000 ,28.94000 ,178.63000 ,126.55000 ,64.35000 ,31.86000 ,13.94000 ,2.88000 ,3.38000 ,6.47000 ,11.31000 ,14.76000 ,47.26000 ,102.99000 ,789.70000 ,1109.70000 ,176.80454 ,151.18900 ,263.12200 ,154.68110 ,0.00000 ,0.00000 ,0.00000 ,9.12600 ,9.65100 ,196.87079 ,47.66500 ,210.58800 ,217.96114 
2005.00000 ,46.44000 ,40.12000 ,42.19000 ,49.19000 ,56.00000 ,72.44000 ,71.81000 ,57.88000 ,44.19000 ,44.56000 ,49.31000 ,38.00000 ,9.87000 ,11.63000 ,7.53000 ,7.27000 ,7.59000 ,8.16000 ,9.57000 ,7.19000 ,13.09000 ,10.64000 ,9.34000 ,9.61000 ,19.48000 ,18.63000 ,15.91000 ,13.11000 ,9.78000 ,7.84000 ,9.41000 ,11.88000 ,14.44000 ,15.82000 ,18.37000 ,20.10000 ,0.60000 ,0.56000 ,0.45000 ,0.34000 ,0.20000 ,0.15000 ,0.19000 ,0.26000 ,0.34000 ,0.41000 ,0.52000 ,0.59000 ,237.59750 ,318.57000 ,274.67000 ,279.51000 ,249.23000 ,190.60000 ,122.03000 ,148.25000 ,168.06000 ,224.22000 ,255.07000 ,290.47000 ,330.49000 ,29.08000 ,29.15000 ,27.83000 ,25.90000 ,20.11000 ,18.73000 ,17.74000 ,18.28000 ,22.91000 ,27.19000 ,28.63000 ,30.92000 ,131.63000 ,54.50000 ,38.30000 ,12.24000 ,21.52000 ,55.50000 ,8.64000 ,16.97000 ,5.86000 ,41.79000 ,41.73000 ,43.02000 ,711.00000 ,1170.40000 ,154.13534 ,97.22200 ,177.77600 ,142.31392 ,0.00000 ,0.00000 ,0.00000 ,20.92700 ,7.46000 ,294.90617 ,45.62500 ,173.47800 ,183.30855 
2006.00000 ,44.12000 ,49.38000 ,54.56000 ,51.56000 ,42.94000 ,61.06000 ,62.62000 ,42.19000 ,43.81000 ,35.25000 ,40.50000 ,49.38000 ,9.37000 ,8.16000 ,8.06000 ,7.43000 ,6.40000 ,7.34000 ,11.13000 ,9.03000 ,8.45000 ,9.04000 ,10.59000 ,8.91000 ,18.57000 ,17.96000 ,14.01000 ,11.82000 ,10.44000 ,8.52000 ,8.39000 ,12.15000 ,14.48000 ,17.72000 ,19.09000 ,17.11000 ,0.56000 ,0.55000 ,0.42000 ,0.31000 ,0.23000 ,0.18000 ,0.18000 ,0.28000 ,0.38000 ,0.48000 ,0.54000 ,0.52000 ,227.97500 ,297.95000 ,244.39000 ,245.56000 ,179.18000 ,155.24000 ,125.49000 ,128.73000 ,185.46000 ,230.85000 ,290.65000 ,330.18000 ,322.02000 ,30.89000 ,30.38000 ,27.48000 ,24.14000 ,19.12000 ,17.00000 ,16.84000 ,18.26000 ,22.26000 ,25.92000 ,28.12000 ,28.63000 ,135.11000 ,62.43000 ,129.31000 ,115.62000 ,19.85000 ,19.71000 ,28.70000 ,3.21000 ,10.86000 ,3.24000 ,20.51000 ,51.61000 ,778.30000 ,1217.60000 ,161.05453 ,129.32900 ,165.98400 ,128.32562 ,0.00000 ,0.00000 ,0.00000 ,15.56700 ,3.56200 ,477.25997 ,34.13800 ,129.12400 ,167.28106 
2007.00000 ,55.31000 ,51.25000 ,47.44000 ,39.25000 ,52.94000 ,67.75000 ,58.25000 ,59.81000 ,44.38000 ,44.31000 ,59.81000 ,70.25000 ,8.06000 ,8.63000 ,7.80000 ,6.91000 ,7.72000 ,8.68000 ,8.12000 ,8.54000 ,10.23000 ,9.75000 ,8.13000 ,8.68000 ,18.10000 ,17.78000 ,15.84000 ,13.16000 ,9.70000 ,7.32000 ,9.62000 ,10.45000 ,14.43000 ,17.15000 ,15.81000 ,17.23000 ,0.57000 ,0.55000 ,0.47000 ,0.34000 ,0.23000 ,0.13000 ,0.19000 ,0.23000 ,0.35000 ,0.45000 ,0.44000 ,0.52000 ,221.33917 ,236.90000 ,239.38000 ,257.06000 ,231.94000 ,178.10000 ,107.16000 ,141.19000 ,175.61000 ,228.86000 ,311.32000 ,277.38000 ,271.17000 ,29.06000 ,28.30000 ,28.30000 ,24.55000 ,22.74000 ,15.26000 ,15.49000 ,19.09000 ,22.29000 ,26.58000 ,27.07000 ,28.73000 ,152.52000 ,118.26000 ,68.75000 ,9.47000 ,14.68000 ,76.58000 ,0.79000 ,16.07000 ,9.42000 ,23.71000 ,59.87000 ,114.45000 ,638.00000 ,776.70000 ,218.10223 ,80.51500 ,78.96000 ,230.49645 ,0.00000 ,0.00000 ,0.00000 ,24.40800 ,11.76600 ,93.48972 ,27.21500 ,92.41700 ,216.41040 
2008.00000 ,74.06000 ,69.38000 ,54.75000 ,44.88000 ,48.88000 ,67.31000 ,62.12000 ,54.00000 ,60.44000 ,50.81000 ,48.31000 ,53.25000 ,9.95000 ,8.88000 ,7.72000 ,8.21000 ,9.60000 ,9.20000 ,9.41000 ,8.43000 ,8.71000 ,9.04000 ,9.73000 ,9.78000 ,16.54000 ,15.95000 ,15.86000 ,13.17000 ,10.12000 ,8.40000 ,8.66000 ,11.49000 ,13.67000 ,17.30000 ,17.55000 ,19.39000 ,0.51000 ,0.50000 ,0.46000 ,0.34000 ,0.23000 ,0.17000 ,0.18000 ,0.26000 ,0.35000 ,0.48000 ,0.51000 ,0.59000 ,226.94583 ,270.90000 ,224.27000 ,258.71000 ,218.23000 ,168.90000 ,134.49000 ,144.48000 ,180.08000 ,209.54000 ,309.64000 ,283.64000 ,320.47000 ,28.77000 ,27.63000 ,25.99000 ,22.34000 ,19.59000 ,18.42000 ,16.43000 ,17.19000 ,22.77000 ,26.18000 ,28.12000 ,29.97000 ,159.12000 ,175.28000 ,48.15000 ,5.59000 ,7.94000 ,19.75000 ,38.44000 ,5.03000 ,26.35000 ,15.64000 ,75.99000 ,77.72000 ,668.90000 ,953.90000 ,347.42605 ,112.92300 ,142.84600 ,294.97142 ,0.00000 ,0.00000 ,0.00000 ,20.34100 ,7.00900 ,614.42046 ,45.00000 ,198.00000 ,0.00000 
2009.00000 ,59.12000 ,53.88000 ,45.25000 ,54.50000 ,62.00000 ,63.44000 ,58.00000 ,39.44000 ,36.81000 ,35.38000 ,39.94000 ,47.50000 ,9.08000 ,7.92000 ,8.83000 ,8.17000 ,8.07000 ,7.67000 ,8.27000 ,9.48000 ,10.11000 ,10.02000 ,8.27000 ,9.23000 ,17.36000 ,17.44000 ,16.27000 ,12.03000 ,9.06000 ,8.27000 ,9.80000 ,11.87000 ,14.39000 ,17.16000 ,18.62000 ,16.58000 ,0.55000 ,0.55000 ,0.48000 ,0.31000 ,0.20000 ,0.16000 ,0.19000 ,0.26000 ,0.35000 ,0.45000 ,0.50000 ,0.50000 ,233.81333 ,268.65000 ,232.23000 ,258.00000 ,193.97000 ,162.31000 ,129.26000 ,149.94000 ,205.92000 ,241.35000 ,310.59000 ,320.35000 ,333.19000 ,28.05000 ,27.86000 ,27.23000 ,24.31000 ,20.13000 ,17.86000 ,16.69000 ,21.14000 ,22.76000 ,24.78000 ,28.55000 ,29.58000 ,267.34000 ,168.86000 ,28.15000 ,41.19000 ,20.27000 ,15.98000 ,1.15000 ,0.89000 ,4.78000 ,13.25000 ,31.02000 ,90.56000 ,1019.90000 ,2016.00000 ,234.80503 ,91.86600 ,173.03600 ,233.95938 ,0.00000 ,0.00000 ,0.00000 ,7.28600 ,6.57900 ,449.55176 ,49.26400 ,254.91700 ,244.56711 
2010.00000 ,54.06000 ,78.44000 ,77.75000 ,65.25000 ,57.69000 ,67.62000 ,69.88000 ,63.94000 ,71.94000 ,69.75000 ,68.00000 ,79.69000 ,13.76000 ,9.83000 ,10.13000 ,7.50000 ,8.97000 ,8.35000 ,7.66000 ,9.88000 ,11.22000 ,11.66000 ,9.15000 ,8.29000 ,18.17000 ,15.69000 ,14.80000 ,12.64000 ,9.48000 ,8.23000 ,7.86000 ,10.77000 ,11.98000 ,15.55000 ,14.87000 ,16.23000 ,0.56000 ,0.49000 ,0.43000 ,0.32000 ,0.20000 ,0.16000 ,0.16000 ,0.23000 ,0.30000 ,0.41000 ,0.41000 ,0.48000 ,198.41250 ,306.70000 ,228.60000 ,230.17000 ,163.73000 ,148.59000 ,126.63000 ,130.66000 ,156.79000 ,178.10000 ,235.73000 ,217.05000 ,258.20000 ,28.58000 ,27.70000 ,25.86000 ,24.75000 ,20.19000 ,17.40000 ,18.24000 ,18.28000 ,22.76000 ,24.23000 ,25.36000 ,27.29000 ,185.00000 ,192.17000 ,118.39000 ,60.92000 ,16.13000 ,4.59000 ,28.08000 ,34.01000 ,72.47000 ,59.33000 ,121.75000 ,220.49000 ,961.70000 ,1346.30000 ,198.84127 ,68.54300 ,113.07700 ,197.21075 ,0.45100 ,1.87200 ,480.76923 ,11.60800 ,7.32700 ,177.42596 ,37.00000 ,146.00000 ,0.00000 
2011.00000 ,74.94000 ,66.50000 ,75.75000 ,69.94000 ,67.31000 ,71.06000 ,61.50000 ,56.06000 ,45.69000 ,49.25000 ,48.88000 ,66.12000 ,8.96000 ,8.06000 ,9.38000 ,8.35000 ,7.68000 ,9.15000 ,6.77000 ,8.66000 ,10.84000 ,12.08000 ,10.26000 ,8.69000 ,18.99000 ,17.79000 ,13.08000 ,12.36000 ,9.77000 ,7.77000 ,9.50000 ,11.20000 ,14.32000 ,16.05000 ,17.31000 ,16.83000 ,0.58000 ,0.53000 ,0.38000 ,0.31000 ,0.21000 ,0.15000 ,0.18000 ,0.23000 ,0.34000 ,0.41000 ,0.47000 ,0.48000 ,217.32833 ,321.96000 ,221.56000 ,217.94000 ,171.99000 ,161.12000 ,121.54000 ,133.68000 ,183.61000 ,219.08000 ,259.85000 ,307.26000 ,288.35000 ,28.76000 ,28.45000 ,26.05000 ,22.81000 ,18.01000 ,15.92000 ,16.02000 ,18.42000 ,21.25000 ,25.27000 ,28.23000 ,27.38000 ,149.53000 ,137.04000 ,222.38000 ,38.11000 ,12.15000 ,14.50000 ,10.29000 ,11.69000 ,9.24000 ,31.99000 ,58.78000 ,128.66000 ,905.50000 ,1523.60000 ,221.44920 ,93.96900 ,146.17800 ,160.07881 ,0.36900 ,2.29900 ,260.98304 ,13.64700 ,22.76200 ,52.71944 ,37.02500 ,171.47800 ,205.27415 
2012.00000 ,60.06000 ,75.19000 ,66.88000 ,56.00000 ,60.56000 ,79.31000 ,77.38000 ,52.12000 ,46.75000 ,38.25000 ,45.19000 ,42.50000 ,10.02000 ,7.79000 ,10.08000 ,8.77000 ,8.64000 ,8.47000 ,6.98000 ,9.28000 ,8.23000 ,9.53000 ,8.56000 ,8.40000 ,17.45000 ,16.98000 ,14.43000 ,11.72000 ,9.77000 ,7.95000 ,9.09000 ,12.11000 ,14.34000 ,17.12000 ,18.97000 ,19.12000 ,0.53000 ,0.52000 ,0.42000 ,0.30000 ,0.21000 ,0.15000 ,0.17000 ,0.25000 ,0.34000 ,0.44000 ,0.52000 ,0.55000 ,226.82333 ,358.55000 ,247.07000 ,210.51000 ,203.05000 ,158.13000 ,116.00000 ,131.97000 ,173.68000 ,231.21000 ,278.21000 ,289.77000 ,323.73000 ,28.81000 ,27.66000 ,25.72000 ,23.45000 ,19.33000 ,16.07000 ,16.24000 ,17.73000 ,22.11000 ,24.82000 ,28.51000 ,29.87000 ,148.99000 ,112.75000 ,174.94000 ,22.96000 ,31.68000 ,32.89000 ,34.85000 ,2.94000 ,6.13000 ,14.56000 ,26.99000 ,47.22000 ,953.20100 ,1886.30300 ,190.16033 ,79.97900 ,191.02100 ,182.17892 ,0.29200 ,0.18600 ,0.00000 ,17.86000 ,14.35500 ,243.81749 ,42.86000 ,216.91500 ,203.30544 
2013.00000 ,45.69000 ,54.00000 ,60.50000 ,50.19000 ,60.94000 ,64.44000 ,61.06000 ,38.88000 ,31.81000 ,32.75000 ,44.38000 ,36.56000 ,12.77000 ,8.79000 ,10.15000 ,8.95000 ,8.63000 ,7.30000 ,7.60000 ,9.97000 ,12.48000 ,9.95000 ,9.43000 ,8.98000 ,18.67000 ,15.73000 ,14.98000 ,12.49000 ,9.39000 ,8.28000 ,9.01000 ,12.39000 ,14.52000 ,18.32000 ,17.89000 ,20.04000 ,0.56000 ,0.47000 ,0.43000 ,0.32000 ,0.22000 ,0.18000 ,0.20000 ,0.29000 ,0.37000 ,0.51000 ,0.50000 ,0.59000 ,247.30083 ,382.28000 ,251.15000 ,251.58000 ,198.23000 ,152.16000 ,131.98000 ,159.41000 ,191.16000 ,246.65000 ,345.09000 ,304.48000 ,353.44000 ,30.95000 ,28.38000 ,27.23000 ,24.13000 ,20.84000 ,17.94000 ,18.51000 ,19.40000 ,24.46000 ,26.76000 ,27.92000 ,29.60000 ,138.06000 ,73.96000 ,81.83000 ,34.26000 ,29.42000 ,6.91000 ,9.33000 ,0.78000 ,3.85000 ,8.93000 ,70.83000 ,27.51000 ,865.92300 ,1613.96400 ,286.82176 ,89.65500 ,170.20800 ,244.52435 ,0.13700 ,0.00900 ,0.00000 ,47.96600 ,2.98800 ,836.68005 ,40.00000 ,213.00000 ,208.54460 
2014.00000 ,41.06000 ,56.19000 ,56.44000 ,56.75000 ,57.75000 ,62.44000 ,51.75000 ,55.38000 ,49.75000 ,43.00000 ,40.50000 ,62.06000 ,12.82000 ,9.66000 ,8.31000 ,6.34000 ,8.92000 ,9.66000 ,9.24000 ,9.36000 ,9.20000 ,9.19000 ,9.31000 ,9.44000 ,18.96000 ,16.45000 ,14.82000 ,12.87000 ,9.95000 ,8.72000 ,9.67000 ,11.46000 ,13.84000 ,18.03000 ,17.95000 ,17.72000 ,0.59000 ,0.51000 ,0.43000 ,0.33000 ,0.23000 ,0.17000 ,0.19000 ,0.25000 ,0.32000 ,0.46000 ,0.49000 ,0.52000 ,250.61917 ,350.76000 ,270.14000 ,281.12000 ,220.87000 ,177.32000 ,142.27000 ,153.00000 ,194.65000 ,229.52000 ,333.08000 ,329.58000 ,325.12000 ,30.33000 ,28.16000 ,27.30000 ,25.70000 ,21.49000 ,17.94000 ,16.32000 ,18.03000 ,21.79000 ,26.09000 ,29.90000 ,29.92000 ,82.25000 ,177.56000 ,81.37000 ,33.72000 ,8.33000 ,16.47000 ,2.13000 ,21.36000 ,14.45000 ,6.01000 ,20.35000 ,95.14000 ,757.95500 ,1036.45000 ,294.56317 ,105.76000 ,179.53500 ,244.52057 ,0.73400 ,0.22500 ,0.00000 ,23.29900 ,14.78900 ,33.80891 ,26.15900 ,137.24500 ,285.83919 
2015.00000 ,60.88000 ,55.12000 ,50.56000 ,56.25000 ,60.56000 ,68.50000 ,63.00000 ,51.06000 ,45.12000 ,43.00000 ,44.31000 ,50.88000 ,8.83000 ,8.77000 ,8.88000 ,8.85000 ,9.56000 ,8.09000 ,7.91000 ,9.57000 ,10.16000 ,9.01000 ,8.44000 ,7.77000 ,18.43000 ,18.52000 ,16.01000 ,12.61000 ,9.86000 ,7.98000 ,9.35000 ,11.84000 ,14.59000 ,17.21000 ,18.54000 ,18.12000 ,0.56000 ,0.55000 ,0.46000 ,0.32000 ,0.23000 ,0.16000 ,0.19000 ,0.27000 ,0.36000 ,0.45000 ,0.52000 ,0.53000 ,251.12917 ,296.53000 ,311.77000 ,299.41000 ,232.50000 ,189.92000 ,153.59000 ,165.01000 ,167.81000 ,249.05000 ,298.17000 ,298.45000 ,351.34000 ,29.18000 ,29.56000 ,29.01000 ,23.71000 ,20.55000 ,19.06000 ,16.94000 ,18.65000 ,21.54000 ,26.55000 ,29.29000 ,29.45000 ,136.05000 ,64.30000 ,50.44000 ,21.09000 ,14.64000 ,22.39000 ,6.60000 ,8.84000 ,4.10000 ,13.78000 ,42.05000 ,108.17000 ,633.50800 ,986.85500 ,300.61398 ,125.47700 ,253.19100 ,279.88360 ,0.00600 ,0.03500 ,357.82943 ,65.34900 ,23.37100 ,158.56849 ,30.72000 ,182.98300 ,312.38383 
2016.00000 ,54.00000 ,57.19000 ,52.56000 ,49.00000 ,50.00000 ,73.06000 ,72.12000 ,67.00000 ,66.88000 ,45.19000 ,33.56000 ,45.81000 ,9.48000 ,9.50000 ,7.86000 ,7.79000 ,9.45000 ,7.66000 ,12.59000 ,8.98000 ,13.11000 ,12.05000 ,9.76000 ,7.65000 ,17.82000 ,17.68000 ,15.27000 ,12.82000 ,9.54000 ,7.40000 ,8.40000 ,10.83000 ,12.57000 ,17.38000 ,19.28000 ,18.37000 ,0.55000 ,0.55000 ,0.45000 ,0.33000 ,0.23000 ,0.16000 ,0.19000 ,0.24000 ,0.32000 ,0.48000 ,0.55000 ,0.55000 ,239.98833 ,296.01000 ,272.30000 ,394.18000 ,233.16000 ,195.20000 ,127.16000 ,123.13000 ,160.56000 ,179.16000 ,272.88000 ,286.76000 ,339.36000 ,29.75000 ,29.91000 ,28.37000 ,26.32000 ,22.90000 ,18.62000 ,17.58000 ,18.55000 ,21.82000 ,24.03000 ,27.90000 ,29.95000 ,90.58000 ,78.20000 ,109.55000 ,9.02000 ,32.18000 ,59.91000 ,49.13000 ,28.96000 ,58.43000 ,16.41000 ,24.81000 ,68.97000 ,611.09300 ,1315.91200 ,259.70467 ,137.69900 ,372.36100 ,243.34647 ,1.65000 ,11.11000 ,387.09100 ,36.20300 ,56.47000 ,109.74346 ,30.08800 ,163.90100 ,285.45144 
2017.00000 ,51.00000 ,41.94000 ,58.81000 ,55.62000 ,58.38000 ,56.69000 ,51.25000 ,35.38000 ,28.62000 ,55.56000 ,50.69000 ,45.31000 ,8.66000 ,7.97000 ,13.81000 ,8.17000 ,7.78000 ,7.66000 ,7.73000 ,8.29000 ,9.02000 ,11.16000 ,8.25000 ,10.07000 ,18.87000 ,18.84000 ,15.10000 ,13.42000 ,9.88000 ,9.14000 ,9.33000 ,12.39000 ,15.26000 ,15.08000 ,18.09000 ,19.99000 ,0.59000 ,0.58000 ,0.45000 ,0.34000 ,0.23000 ,0.17000 ,0.19000 ,0.27000 ,0.36000 ,0.39000 ,0.49000 ,0.59000 ,251.34750 ,342.86000 ,361.86000 ,283.54000 ,236.93000 ,186.63000 ,147.61000 ,138.34000 ,163.53000 ,198.22000 ,234.18000 ,332.69000 ,389.78000 ,30.51000 ,30.11000 ,28.86000 ,23.96000 ,21.56000 ,17.93000 ,18.82000 ,19.26000 ,23.11000 ,26.59000 ,27.21000 ,30.18000 ,143.78000 ,81.65000 ,114.06000 ,11.50000 ,26.38000 ,5.23000 ,9.72000 ,2.59000 ,1.57000 ,72.13000 ,44.98000 ,36.52000 ,622.19700 ,1501.60000 ,208.84695 ,148.99100 ,435.72700 ,201.67690 ,0.11800 ,0.56600 ,280.88693 ,47.42400 ,12.38000 ,1164.84467 ,35.31200 ,146.23700 ,277.48705 
2018.00000 ,37.12000 ,50.50000 ,65.69000 ,50.56000 ,51.81000 ,56.44000 ,46.56000 ,37.38000 ,38.88000 ,49.81000 ,39.75000 ,40.69000 ,8.98000 ,9.95000 ,9.59000 ,8.38000 ,8.82000 ,7.83000 ,7.71000 ,11.45000 ,9.13000 ,8.63000 ,14.62000 ,8.81000 ,20.22000 ,17.05000 ,15.06000 ,13.33000 ,10.34000 ,8.39000 ,9.60000 ,12.16000 ,14.94000 ,16.37000 ,18.62000 ,20.64000 ,0.61000 ,0.52000 ,0.45000 ,0.34000 ,0.23000 ,0.16000 ,0.18000 ,0.26000 ,0.36000 ,0.42000 ,0.52000 ,0.61000 ,281.62727 ,373.69000 ,352.07000 ,337.12000 ,251.39000 ,216.93000 ,155.62000 ,162.23000 ,214.91000 ,278.12000 ,401.18000 ,354.64000 ,,30.92000 ,29.69000 ,27.21000 ,25.53000 ,20.31000 ,17.36000 ,17.49000 ,18.14000 ,22.19000 ,27.02000 ,28.76000 ,30.27000 ,84.13000 ,108.66000 ,149.65000 ,12.34000 ,4.38000 ,8.62000 ,4.99000 ,4.19000 ,2.45000 ,33.14000 ,31.30000 ,78.56000 ,639.18900 ,765.41300 ,289.18687 ,104.89000 ,187.84000 ,275.36761 ,1.02300 ,6.88200 ,354.48620 ,44.87000 ,10.62400 ,264.72897 ,25.70000 ,114.64000 ,306.64227 
2019.00000 ,40.94000 ,35.25000 ,51.31000 ,58.19000 ,57.75000 ,62.50000 ,53.44000 ,44.00000 ,29.38000 ,28.75000 ,28.62000 ,26.44000 ,7.30000 ,8.38000 ,10.23000 ,7.77000 ,8.55000 ,8.85000 ,9.23000 ,9.76000 ,10.34000 ,8.99000 ,9.88000 ,10.33000 ,20.30000 ,18.03000 ,14.55000 ,12.21000 ,9.84000 ,8.66000 ,9.22000 ,11.36000 ,14.94000 ,17.71000 ,19.30000 ,20.11000 ,0.62000 ,0.55000 ,0.42000 ,0.32000 ,0.22000 ,0.16000 ,0.18000 ,0.23000 ,0.35000 ,0.45000 ,0.53000 ,0.57000 ,,,,,,,,,,,,,,31.19000 ,28.65000 ,28.25000 ,24.41000 ,20.74000 ,17.18000 ,17.48000 ,18.28000 ,22.03000 ,26.14000 ,28.48000 ,31.27000 ,101.94000 ,136.33000 ,130.49000 ,34.54000 ,11.81000 ,11.76000 ,7.87000 ,2.40000 ,1.69000 ,13.84000 ,10.63000 ,20.57000 ,419.69700 ,419.67500 ,393.00106 ,99.47600 ,132.00800 ,374.23281 ,0.76400 ,5.12400 ,453.42240 ,35.88900 ,24.99000 ,138.86249 ,28.28100 ,88.03300 ,407.48574 
2020.00000 ,46.44000 ,64.44000 ,62.62000 ,47.25000 ,53.19000 ,60.50000 ,58.06000 ,45.31000 ,45.44000 ,41.94000 ,36.38000 ,44.88000 ,7.82000 ,9.69000 ,9.42000 ,9.77000 ,7.85000 ,7.07000 ,8.02000 ,10.11000 ,9.70000 ,10.11000 ,10.16000 ,10.09000 ,17.77000 ,16.98000 ,15.80000 ,12.95000 ,9.63000 ,8.81000 ,9.34000 ,12.10000 ,14.69000 ,17.70000 ,20.05000 ,17.82000 ,0.53000 ,0.51000 ,0.45000 ,0.34000 ,0.22000 ,0.17000 ,0.16000 ,0.27000 ,0.35000 ,0.47000 ,0.56000 ,0.55000 ,,,,,,,,,,,,,,31.07000 ,29.45000 ,26.99000 ,25.19000 ,19.31000 ,18.41000 ,17.07000 ,19.02000 ,23.69000 ,25.86000 ,29.65000 ,29.86000 ,136.09000 ,128.82000 ,77.69000 ,13.97000 ,21.48000 ,8.04000 ,8.97000 ,13.04000 ,15.29000 ,27.25000 ,15.53000 ,112.17000 ,441.47700 ,418.47500 ,357.82972 ,80.48200 ,80.07500 ,341.76925 ,0.63700 ,3.59100 ,710.27615 ,50.10000 ,7.50000 ,1268.52957 ,16.98300 ,57.71500 ,458.83136 
2021.00000 ,47.56000 ,51.56000 ,56.81000 ,49.81000 ,52.44000 ,63.31000 ,58.38000 ,50.19000 ,41.06000 ,39.50000 ,62.88000 ,54.25000 ,9.17000 ,8.21000 ,9.23000 ,8.27000 ,6.67000 ,8.78000 ,10.66000 ,8.07000 ,11.27000 ,9.88000 ,11.67000 ,7.94000 ,18.22000 ,16.70000 ,14.39000 ,12.84000 ,10.61000 ,8.28000 ,9.30000 ,11.45000 ,14.73000 ,16.80000 ,16.25000 ,19.62000 ,0.58000 ,0.52000 ,0.43000 ,0.34000 ,0.23000 ,0.16000 ,0.16000 ,0.24000 ,0.35000 ,0.43000 ,0.46000 ,0.57000 ,,,,,,,,,,,,,,29.14000 ,28.97000 ,27.28000 ,23.79000 ,20.30000 ,17.78000 ,18.10000 ,19.93000 ,22.57000 ,26.82000 ,27.28000 ,29.11000 ,123.78000 ,116.76000 ,93.15000 ,47.45000 ,6.40000 ,26.65000 ,15.81000 ,8.68000 ,11.57000 ,30.15000 ,114.60000 ,80.16000 ,750.00000 ,1102.50000 ,426.36603 ,135.00000 ,240.00000 ,462.74053 ,1.16000 ,7.78000 ,184.92873 ,15.00000 ,21.52700 ,614.42725 ,25.00000 ,110.00000 ,220.10542 
